"Project ID","Workspace","Group(s)","Team(s)","AI ($)","Hosting ($)","Storage ($)","Other ($)","Total ($)"
"eb138d71-d0a7-4822-abf0-2a257ab57199","","AZ-Replit - Finance - Member","Finance",3701.5294,0.0000,0.0000,0.0000,3701.5294
"1b17c77f-9907-443f-b6bc-7d9d590ef99f","","AZ-Replit - Growth Strategy & Operations - Member","Growth Strategy & Operations",2046.9364,0.0000,0.0000,0.0000,2046.9364
"f635e6f8-76ce-4d56-bd6b-b587bea18ba0","","AZ-Replit - EBI Enterprise Analytics - Member","EBI Enterprise Analytics",1799.7485,0.0000,0.0000,0.0000,1799.7485
"1b709e26-5a8a-494c-a6fb-b8d0420bfab9","","AZ-Replit - Growth Strategy & Operations - Admin; AZ-Replit - Growth Strategy & Operations - Member","Growth Strategy & Operations",1707.6059,0.0000,0.0000,0.0000,1707.6059
"d66c9c74-1cdb-44bf-bc4b-f654f28955f9","","AZ-Replit - Strategic Development Mosaic - Admin; AZ-Replit - Strategic Development Mosaic - Member","Strategic Development Mosaic",1581.8486,0.0000,0.0000,0.0000,1581.8486
"76c00ef7-7780-4d3b-9606-edbebb83fa8f","","AZ-Replit - Growth Strategy & Operations - Admin; AZ-Replit - Growth Strategy & Operations - Member","Growth Strategy & Operations",1531.6929,0.0000,0.0000,0.0000,1531.6929
"62f58ecf-a5cc-468e-a1f0-7d754b24ffc8","","AZ-Replit - Strategic Development LIFT Labs - Member","Strategic Development LIFT Labs",1220.0099,0.0000,0.0000,0.0000,1220.0099
"f643d393-5a79-41e5-a290-86e34167adc7","","AZ-Replit - Wireless - Admin; AZ-Replit - Wireless - Member","Wireless",1081.7574,0.0000,0.0000,0.0000,1081.7574
"867420a3-8da0-44b2-b868-2aff86ce781e","","AZ-Replit - Finance - Member","Finance",1053.9065,0.0000,0.0000,0.0000,1053.9065
"d44ded62-2172-45d1-b24d-856ed63afea7","","AZ-Replit - Strategic Development Mosaic - Admin; AZ-Replit - Strategic Development Mosaic - Member","Strategic Development Mosaic",965.6619,0.0000,0.0000,0.0000,965.6619
"4ee4cb60-a40c-4080-a3f5-e4766c09e523","","AZ-Replit - Corporate Communications - Admin; AZ-Replit - Corporate Communications - Member; BnD Analytics Team","Corporate Communications",949.3157,0.0000,0.0000,0.0000,949.3157
"b9d7e6ea-89ef-4156-8ce0-edea6ed2a8fe","","AZ-Replit - Corporate Communications - Admin; AZ-Replit - Corporate Communications - Member; BnD Analytics Team","Corporate Communications",776.3940,0.0000,0.0000,0.0000,776.3940
"485e247e-328c-49b8-8f6e-74eb2b96457f","","AZ-Replit - Corporate Communications - Member; BnD Analytics Team","Corporate Communications",742.6968,0.0000,0.0000,0.0000,742.6968
"6c9d3ff9-964e-470e-8690-a309ecb70737","","AZ-Replit - Growth CXSO Account Mgmt - Admin; AZ-Replit - Growth CXSO Account Mgmt - Member","Growth CXSO Account Mgmt",742.5419,0.0000,0.0000,0.0000,742.5419
"9708e3ba-d0bd-4b5c-b32c-be1b88fc68bd","","AZ-Replit - Corporate Communications - Member","Corporate Communications",733.4346,0.0000,0.0000,0.0000,733.4346
"80193880-29ec-4e0d-a9fc-e3684a12fe09","","AZ-Replit - Growth Strategy & Operations - Member","Growth Strategy & Operations",724.2923,0.0000,0.0000,0.0000,724.2923
"c41b11cc-6511-4c72-b142-b06bc9024b3f","","AZ-Replit - Freewheel - Admin; AZ-Replit - Talent and Learning - Member","Freewheel; Talent and Learning",640.4868,0.0000,0.0000,0.0000,640.4868
"44cb0b45-4c6e-4fa8-8375-5bbf401e72b9","","AZ-Replit - Finance - Admin","Finance",616.2011,0.0000,0.0000,0.0000,616.2011
"fcbbeb5c-d3db-48f1-b92b-b828f76f0e01","","AZ-Replit - Comcast Business Marketing - Admin; AZ-Replit - Comcast Business Marketing - Member","Comcast Business Marketing",564.8515,0.0000,0.0000,0.0000,564.8515
"5794cb1e-c728-464e-93db-7569ba98a2b0","","AZ-Replit - Comcast Business Customer Solutions - Member","Comcast Business Consumer Solutions",557.9209,0.0000,0.0000,0.0000,557.9209
"411ddb34-b3a8-4ce0-9c5e-e3c83edbbf7d","","AZ-Replit - Wireless - Member","Wireless",545.7197,0.0000,0.0000,0.0000,545.7197
"962bf422-251d-41f8-b5e7-505f48a65854","","AZ-Replit - Comcast Business Marketing - Admin; AZ-Replit - Comcast Business Marketing - Member","Comcast Business Marketing",530.1336,0.0000,0.0000,0.0000,530.1336
"d3e44f3c-6211-44f4-a4cf-4424d0666612","","AZ-Replit - EBI Enterprise Analytics - Member","EBI Enterprise Analytics",480.2655,0.0000,0.0000,0.0000,480.2655
"40ef1658-574d-477b-97bb-aa40dd6b6f0f","","AZ-Replit - PREPROD-Admins; AZ-Replit - Strategic Development LIFT Labs - Admin; AZ-Replit - Strategic Development LIFT Labs - Member","Strategic Development LIFT Labs",468.6481,0.0000,0.0000,0.0000,468.6481
"f5ad70a6-7624-4487-91cb-fc92c9dd4469","","AZ-Replit - Finance - Member","Finance",448.6568,0.0000,0.0000,0.0000,448.6568
"ee45ce9b-bd08-44fa-8deb-c9859073f135","","AZ-Replit - Strategic Development Mosaic - Member","Strategic Development Mosaic",425.7702,0.0000,0.0000,0.0000,425.7702
"501691d3-b3fa-44d6-9f11-6c96fd99e2f0","","AZ-Replit - TPX IT - Member; AZ-Replit - Talent and Learning - Member","TPX IT; Talent and Learning",421.5816,0.0000,0.0000,0.0000,421.5816
"bec3da3f-84c4-4180-95b1-46ab79ddc40f","","AZ-Replit - Comcast Business Customer Solutions - Member","Comcast Business Consumer Solutions",418.8467,0.0000,0.0000,0.0000,418.8467
"1276b926-003b-45b7-b320-d00a656fd92a","","AZ-Replit - PREPROD-Admins; AZ-Replit - Strategic Development LIFT Labs - Admin; AZ-Replit - Strategic Development LIFT Labs - Member","Strategic Development LIFT Labs",400.7546,0.0000,0.0000,0.0000,400.7546
"545d4695-af6d-4a28-a51c-7387c1b0f4bc","","AZ-Replit - PREPROD-Admins; AZ-Replit - Strategic Development LIFT Labs - Admin; AZ-Replit - Strategic Development LIFT Labs - Member","Strategic Development LIFT Labs",399.2471,0.0000,0.0000,0.0000,399.2471
"7f35324f-5c3d-4a43-824e-0df87305c58e","","AZ-Replit - Growth Strategy & Operations - Admin; AZ-Replit - Growth Strategy & Operations - Member","Growth Strategy & Operations",397.6540,0.0000,0.0000,0.0000,397.6540
"a69035de-fd71-4f58-b305-2a72d80f614d","","AZ-Replit - Finance - Member","Finance",369.7444,0.0000,0.0000,0.0000,369.7444
"c95e6c27-58b4-411b-a9cc-41bb3c2ef3b1","","AZ-Replit - GPO CTS - Member","GPO CTS",369.6651,0.0000,0.0000,0.0000,369.6651
"53990ed7-210d-44fe-b665-18599fcf6e3c","","AZ-Replit - Growth Strategy & Operations - Admin; AZ-Replit - Growth Strategy & Operations - Member","Growth Strategy & Operations",365.0929,0.0000,0.0000,0.0000,365.0929
"817b234f-550f-4f51-9712-4344cc50cbaf","","AZ-Replit - Growth Strategy & Operations - Member","Growth Strategy & Operations",361.3593,0.0000,0.0000,0.0000,361.3593
"144d1ab3-132c-46e2-a407-47047c354f7e","","AZ-Replit - GPO Connected Living - Member","GPO Connected Living",351.4440,0.0000,0.0000,0.0000,351.4440
"41731078-40c6-4c6e-96d8-ccf9161c74c7","","AZ-Replit - Finance - Admin","Finance",324.8147,0.0000,0.0000,0.0000,324.8147
"62988b87-4ffd-4c25-8b47-3750c0c9d795","","AZ-Replit - Finance - Member","Finance",304.3182,0.0000,0.0000,0.0000,304.3182
"a7ac41b7-3a2d-440f-a090-f5b717499315","","AZ-Replit - PREPROD-Admins; AZ-Replit - Strategic Development LIFT Labs - Admin; AZ-Replit - Strategic Development LIFT Labs - Member","Strategic Development LIFT Labs",296.0483,0.0000,0.0000,0.0000,296.0483
"5447d2d4-53eb-4290-a2c7-744f156cb597","","AZ-Replit - GPO CTS - Member","GPO CTS",276.1770,0.0000,0.0000,0.0000,276.1770
"c7bb7dfa-802c-45aa-bda0-aeebf022d2b6","","AZ-Replit - Growth Strategy & Operations - Member","Growth Strategy & Operations",267.2271,0.0000,0.0000,0.0000,267.2271
"eea50f6c-5743-4f10-b1b8-b698ad010eba","","AZ-Replit - GPO CTS - Admin; AZ-Replit - GPO CTS - Member","GPO CTS",261.0825,0.0000,0.0000,0.0000,261.0825
"90d4d5df-8362-4a9f-8466-fc28dc55d26f","","AZ-Replit - EBI AI ML - Member","EBI AI ML",257.8158,0.0000,0.0000,0.0000,257.8158
"73484372-21cf-4add-aee4-41fe28181406","","AZ-Replit - TPX IT - Member","TPX IT",256.8592,0.0000,0.0000,0.0000,256.8592
"b22c1475-e5eb-4147-82c1-6db031083ac7","","AZ-Replit - Comcast Business Marketing - Member","Comcast Business Marketing",255.8918,0.0000,0.0000,0.0000,255.8918
"cb919938-12ec-49c0-a7ac-6bb00964cdee","","AZ-Replit - Finance - Member","Finance",255.7746,0.0000,0.0000,0.0000,255.7746
"eebd2205-3afe-4431-ba5e-489298cffe8a","","AZ-Replit - Growth CXSO Account Mgmt - Admin; AZ-Replit - Growth CXSO Account Mgmt - Member","Growth CXSO Account Mgmt",253.2973,0.0000,0.0000,0.0000,253.2973
"c11d84eb-848e-48b4-a4cd-3568b038e51e","","AZ-Replit - GPO CTS - Member","GPO CTS",251.5219,0.0000,0.0000,0.0000,251.5219
"b59986df-3d15-45e9-9f76-d232aa836848","","AZ-Replit - Finance - Member","Finance",250.4148,0.0000,0.0000,0.0000,250.4148
"166df4d9-4d42-4b0f-bf51-0b794cc55be0","","AZ-Replit - Growth Strategy & Operations - Member","Growth Strategy & Operations",248.7625,0.0000,0.0000,0.0000,248.7625
"dc685315-a17f-4a63-a35e-386a8b1783da","","AZ-Replit - Comcast Business Marketing - Member","Comcast Business Marketing",244.5668,0.0000,0.0000,0.0000,244.5668
"7187dde2-1f21-4cb2-b5e7-01210971bb3c","","AZ-Replit - Growth Strategy & Operations - Admin","Growth Strategy & Operations",243.8439,0.0000,0.0000,0.0000,243.8439
"5e683465-31d2-4147-8a9d-e175d1012ab9","","AZ-Replit - Growth Strategy & Operations - Member","Growth Strategy & Operations",237.6441,0.0000,0.0000,0.0000,237.6441
"a5af3c65-a0eb-45db-adbf-e7da51ad0e45","","AZ-Replit - Finance - Member","Finance",236.5851,0.0000,0.0000,0.0000,236.5851
"fe6cd766-00fb-4f10-90f7-2eabd3a4ccd5","","AZ-Replit - GPO CTS - Member","GPO CTS",236.2980,0.0000,0.0000,0.0000,236.2980
"dba89748-a275-42cb-80ca-bccdf3f466a8","","AZ-Replit - Finance - Member","Finance",236.0575,0.0000,0.0000,0.0000,236.0575
"729a810f-5d83-4261-89cf-72924e22cf80","","AZ-Replit - Growth Strategy & Operations - Member","Growth Strategy & Operations",234.7109,0.0000,0.0000,0.0000,234.7109
"2246e9af-9a13-48f9-a742-ee427155da47","","AZ-Replit - Strategic Development LIFT Labs - Member","Strategic Development LIFT Labs",230.8069,0.0000,0.0000,0.0000,230.8069
"21532891-f537-4a2d-91d9-171d6574b8df","","AZ-Replit - Finance - Member","Finance",226.0377,0.0000,0.0000,0.0000,226.0377
"7c449bb5-8072-4928-a75a-94628de7d9be","","AZ-Replit - Finance - Member","Finance",223.1684,0.0000,0.0000,0.0000,223.1684
"4d79a50e-9c9a-4dc1-af37-cece87f1ca5d","","AZ-Replit - GPO Creative Services - Member","GPO Creative Services",222.2340,0.0000,0.0000,0.0000,222.2340
"d69d4c91-e726-4f31-a4a4-111d6d7c2905","","AZ-Replit - Comcast Business Marketing - Member","Comcast Business Marketing",212.7790,0.0000,0.0000,0.0000,212.7790
"27d2b8b2-f113-4c8b-82e9-9114376bbe8e","","AZ-Replit - GPO Creative Services - Member","GPO Creative Services",212.6753,0.0000,0.0000,0.0000,212.6753
"f636f8bc-51fb-4e1f-ada3-9a785724f096","","AZ-Replit - EBI Enterprise Analytics - Member","EBI Enterprise Analytics",212.3322,0.0000,0.0000,0.0000,212.3322
"386e2a7e-9790-4418-8a20-da2a3ed9d967","","AZ-Replit - Finance - Member","Finance",211.9373,0.0000,0.0000,0.0000,211.9373
"12f07041-77cf-495b-a5f2-626797fe8561","","AZ-Replit - Comcast Business Customer Solutions - Member","Comcast Business Consumer Solutions",208.1219,0.0000,0.0000,0.0000,208.1219
"7de469b2-ca20-4ace-899e-20ef6d56ae3b","","AZ-Replit - GPO Connected Living - Member","GPO Connected Living",204.9321,0.0000,0.0000,0.0000,204.9321
"ab5fdeb0-0525-4125-9473-e3a1aeb54703","","AZ-Replit - Growth Strategy & Operations - Member","Growth Strategy & Operations",204.5181,0.0000,0.0000,0.0000,204.5181
"acdb1753-4a24-449d-95d3-469c7f44a23c","","AZ-Replit - Comcast Business Customer Solutions - Member","Comcast Business Consumer Solutions",198.4102,0.0000,0.0000,0.0000,198.4102
"ef65cbbc-3df8-472b-b21c-b2b8a543c22e","","AZ-Replit - Strategic Development LIFT Labs - Member","Strategic Development LIFT Labs",197.2573,0.0000,0.0000,0.0000,197.2573
"c3f71ab4-46a7-41eb-a038-d259b2429a22","","AZ-Replit - Growth Strategy & Operations - Member","Growth Strategy & Operations",188.6013,0.0000,0.0000,0.0000,188.6013
"d0e15b24-3908-407b-821d-0f1b44203b27","","AZ-Replit - Growth Strategy & Operations - Admin","Growth Strategy & Operations",188.4967,0.0000,0.0000,0.0000,188.4967
"c88f90bd-e88b-4515-aa9a-0c03e1b2f58a","","AZ-Replit - Finance - Member","Finance",186.9580,0.0000,0.0000,0.0000,186.9580
"fd909a50-f889-4000-8977-adfb1d8104a5","","AZ-Replit - Corporate Communications - Admin","Corporate Communications",183.9046,0.0000,0.0000,0.0000,183.9046
"7fa38a2d-300d-4abf-9327-7437924b4ee6","","AZ-Replit - PREPROD-Admins; AZ-Replit - Strategic Development LIFT Labs - Admin; AZ-Replit - Strategic Development LIFT Labs - Member","Strategic Development LIFT Labs",182.1843,0.0000,0.0000,0.0000,182.1843
"2b7dec6e-fe7f-4b31-80d1-b4b12e894f58","","AZ-Replit - Growth Strategy & Operations - Admin","Growth Strategy & Operations",181.9681,0.0000,0.0000,0.0000,181.9681
"ce725f1f-b0ee-417c-850e-5c9cb5373f65","","AZ-Replit - Growth CXSO Account Mgmt - Member","Growth CXSO Account Mgmt",175.8184,0.0000,0.0000,0.0000,175.8184
"d5147628-5587-4ed9-a961-764a8f150662","","AZ-Replit - GPO Connected Living - Member","GPO Connected Living",174.3977,0.0000,0.0000,0.0000,174.3977
"70a7ad57-a2b4-48c1-a941-b82e306dab28","","AZ-Replit - Growth Strategy & Operations - Member","Growth Strategy & Operations",173.8821,0.0000,0.0000,0.0000,173.8821
"2b412101-0cd2-4ace-b1d3-d9c7e3e00a82","","AZ-Replit - Content Acquisition - Admin","Content Acquisition",172.7471,0.0000,0.0000,0.0000,172.7471
"40b25b8b-e943-4417-84fe-a6dbd818fc9e","","AZ-Replit - Growth Strategy & Operations - Member","Growth Strategy & Operations",172.2117,0.0000,0.0000,0.0000,172.2117
"cd352e0e-607f-4317-80ab-23ff2a3defef","","AZ-Replit - Comcast Advertising - Member","Comcast Advertising",172.0632,0.0000,0.0000,0.0000,172.0632
"82ef4311-e88b-4b81-b05e-8aea4a0a4419","","AZ-Replit - Comcast Business Customer Solutions - Member","Comcast Business Consumer Solutions",168.4175,0.0000,0.0000,0.0000,168.4175
"08ab0463-3b37-468b-a646-d94358b1005d","","AZ-Replit - HR Compensation - Member","HR Compensation",167.2666,0.0000,0.0000,0.0000,167.2666
"747034be-3713-4135-807b-b6b5ebf5c9dd","","AZ-Replit - HR Compensation - Member","HR Compensation",165.2830,0.0000,0.0000,0.0000,165.2830
"ecd463c9-334e-4575-b27d-1a8e2a8dcd22","","AZ-Replit - Growth Strategy & Operations - Member","Growth Strategy & Operations",161.5699,0.0000,0.0000,0.0000,161.5699
"527e7c6b-7aa9-4cab-9245-a13dd58398b7","","AZ-Replit - Comcast Business Customer Solutions - Member","Comcast Business Consumer Solutions",160.9805,0.0000,0.0000,0.0000,160.9805
"10907dd9-689f-44ce-be0e-3c5d98102665","","AZ-Replit - GPO Creative Services - Member","GPO Creative Services",159.8708,0.0000,0.0000,0.0000,159.8708
"bf7150b9-f62d-4119-9066-ecbe4ef347e5","","AZ-Replit - GPO CTS - Member","GPO CTS",159.5796,0.0000,0.0000,0.0000,159.5796
"050f244e-0fe3-411e-94a4-9eb1dcd38c8e","","AZ-Replit - GPO Creative Services - Member","GPO Creative Services",158.9624,0.0000,0.0000,0.0000,158.9624
"fa8421ee-ef0b-446c-b77a-9b7e3a36b045","","AZ-Replit - Growth MDU - Admin","Growth MDU",157.5237,0.0000,0.0000,0.0000,157.5237
"57866c73-2b82-48df-a880-bf320ae5f131","","AZ-Replit - GPO CTS - Member","GPO CTS",154.2543,0.0000,0.0000,0.0000,154.2543
"2730b29e-df10-45f4-a6bb-f9021ac1bd45","","AZ-Replit - Strategic Development LIFT Labs - Member","Strategic Development LIFT Labs",152.8320,0.0000,0.0000,0.0000,152.8320
"25478a10-6d3c-43e5-a2b3-75f769d66685","","AZ-Replit - Comcast Business Customer Solutions - Member","Comcast Business Consumer Solutions",149.5321,0.0000,0.0000,0.0000,149.5321
"7cc4d3b9-4a7e-4d0e-a663-210dce412715","","AZ-Replit - Comcast Business Marketing - Admin; AZ-Replit - Comcast Business Marketing - Member","Comcast Business Marketing",148.9987,0.0000,0.0000,0.0000,148.9987
"e793235a-0d73-47f3-90b2-27008a1c62b8","","AZ-Replit - TPX IT - Member","TPX IT",147.5433,0.0000,0.0000,0.0000,147.5433
"89816b33-c194-496d-a0e0-6dcb5be6d221","","AZ-Replit - Finance - Member","Finance",145.1429,0.0000,0.0000,0.0000,145.1429
"26967020-98b1-4188-9bc4-6c32475d556b","","AZ-Replit - Growth Strategy & Operations - Member","Growth Strategy & Operations",144.8979,0.0000,0.0000,0.0000,144.8979
"28eb3e51-527a-4469-8932-0d3c0c7604dc","","AZ-Replit - Growth Strategy & Operations - Member","Growth Strategy & Operations",144.7150,0.0000,0.0000,0.0000,144.7150
"9f1a3df0-9014-4840-b43e-6da58429e7fd","","AZ-Replit - Comcast Business Marketing - Admin; AZ-Replit - Comcast Business Marketing - Member","Comcast Business Marketing",143.3091,0.0000,0.0000,0.0000,143.3091
"b147a059-909f-4518-8f55-db889ac19bd1","","AZ-Replit - GPO Creative Services - Member","GPO Creative Services",139.5695,0.0000,0.0000,0.0000,139.5695
"0060e436-fd14-42d2-bc84-b26fbc939c4a","","AZ-Replit - Comcast Business Customer Solutions - Member","Comcast Business Consumer Solutions",139.5623,0.0000,0.0000,0.0000,139.5623
"93945632-d136-4054-8769-8505366e71d9","","AZ-Replit - Comcast Business Customer Solutions - Admin","Comcast Business Consumer Solutions",137.1864,0.0000,0.0000,0.0000,137.1864
"327ec927-380e-487d-96ea-5f5bdb88c405","","AZ-Replit - Comcast Advertising - Member","Comcast Advertising",135.2718,0.0000,0.0000,0.0000,135.2718
"caab8367-4db5-4c51-98c2-ae8164ab586c","","AZ-Replit - Strategic Development LIFT Labs - Member","Strategic Development LIFT Labs",135.2499,0.0000,0.0000,0.0000,135.2499
"1e7d3887-8244-4449-8dd0-6b14d0f02df0","","AZ-Replit - Strategic Development Mosaic - Admin; AZ-Replit - Strategic Development Mosaic - Member","Strategic Development Mosaic",133.0762,0.0000,0.0000,0.0000,133.0762
"bd6d5ece-0f99-4186-bcdc-2452677913b2","","AZ-Replit - Comcast Business Marketing - Admin; AZ-Replit - Comcast Business Marketing - Member","Comcast Business Marketing",132.8846,0.0000,0.0000,0.0000,132.8846
"0fd5ef45-c11b-4691-a074-98bf56fed6e1","","AZ-Replit - Growth Strategy & Operations - Member","Growth Strategy & Operations",129.7643,0.0000,0.0000,0.0000,129.7643
"0df1c70b-912f-4492-a857-d800f78ee6be","","AZ-Replit - GPO Creative Services - Member","GPO Creative Services",129.5904,0.0000,0.0000,0.0000,129.5904
"6afc7f45-9e22-43c7-9578-411f721ca860","","AZ-Replit - Growth Strategy & Operations - Member","Growth Strategy & Operations",129.2957,0.0000,0.0000,0.0000,129.2957
"69f314b9-9690-4e7c-924c-361ac428ef3b","","AZ-Replit - Growth Strategy & Operations - Member","Growth Strategy & Operations",128.6559,0.0000,0.0000,0.0000,128.6559
"10330906-4a52-45d4-80ef-e7c965dc72c6","","AZ-Replit - EBI Enterprise Analytics - Member","EBI Enterprise Analytics",128.4240,0.0000,0.0000,0.0000,128.4240
"6b00f4a6-b6fa-40d3-963a-de51380fe2c9","","AZ-Replit - Finance - Member","Finance",127.7575,0.0000,0.0000,0.0000,127.7575
"0abc8745-079c-4491-a150-2aa39b88e531","","AZ-Replit - Finance - Member","Finance",126.1683,0.0000,0.0000,0.0000,126.1683
"20269074-2705-4d8b-8f7b-8140ea452ccc","","AZ-Replit - Finance - Member","Finance",125.8614,0.0000,0.0000,0.0000,125.8614
"d049ff5f-8950-4e0a-a4a7-716c2d181b5a","","AZ-Replit - Growth Strategy & Operations - Admin","Growth Strategy & Operations",125.5994,0.0000,0.0000,0.0000,125.5994
"ab7fc076-b472-4966-b75d-2bee76fc4512","","AZ-Replit - Finance - Admin","Finance",121.6655,0.0000,0.0000,0.0000,121.6655
"2c3c87c7-d9ae-41cf-ad86-736628e57a55","","AZ-Replit - Growth Strategy & Operations - Member","Growth Strategy & Operations",120.7436,0.0000,0.0000,0.0000,120.7436
"777239e8-aa6c-4818-aabe-35af57672e36","","AZ-Replit - Comcast Business Marketing - Member","Comcast Business Marketing",120.5452,0.0000,0.0000,0.0000,120.5452
"c8a984bc-f2f8-4813-a489-c90e0d78a9c9","","AZ-Replit - Growth CXSO Account Mgmt - Member","Growth CXSO Account Mgmt",119.9476,0.0000,0.0000,0.0000,119.9476
"6a894ead-912f-4e05-b51f-0eae8f935efd","","AZ-Replit - EBI Enterprise Analytics - Member","EBI Enterprise Analytics",118.7844,0.0000,0.0000,0.0000,118.7844
"cc45736a-aec3-4eef-929d-499c3ad74149","","AZ-Replit - Finance - Member","Finance",117.6664,0.0000,0.0000,0.0000,117.6664
"add9bace-d6a1-4b36-9ef9-d5d1b279a117","","AZ-Replit - Finance - Member","Finance",116.3973,0.0000,0.0000,0.0000,116.3973
"5b7361b8-aa88-4d78-8970-5d36e07daca5","","AZ-Replit - GPO Connected Living - Member","GPO Connected Living",115.6999,0.0000,0.0000,0.0000,115.6999
"5cd20974-27fb-4bc6-ad96-8dd4be59a510","","AZ-Replit - Comcast Business Customer Solutions - Member","Comcast Business Consumer Solutions",113.8987,0.0000,0.0000,0.0000,113.8987
"d2b50892-4da1-431e-94bb-fce3bfb0248d","","AZ-Replit - Growth Strategy & Operations - Member","Growth Strategy & Operations",113.1788,0.0000,0.0000,0.0000,113.1788
"f81888df-5bfd-4682-b4f1-e4dcab3e38d8","","AZ-Replit - Finance - Admin","Finance",112.4772,0.0000,0.0000,0.0000,112.4772
"913040c0-8fdb-453a-891b-5be1c7eac4d1","","AZ-Replit - GPO CTS - Member","GPO CTS",109.6939,0.0000,0.0000,0.0000,109.6939
"ff4665af-f870-4240-b25c-d2ebfccb9f3c","","AZ-Replit - GPO Creative Services - Member","GPO Creative Services",109.5778,0.0000,0.0000,0.0000,109.5778
"fa42625d-1da8-46ab-a120-b3e588cdc966","","AZ-Replit - GPO CTS - Admin","GPO CTS",108.8442,0.0000,0.0000,0.0000,108.8442
"538b02ab-9d46-44ba-b34c-a3882f2f3c74","","AZ-Replit - PREPROD-Admins; AZ-Replit - Strategic Development LIFT Labs - Admin; AZ-Replit - Strategic Development LIFT Labs - Member","Strategic Development LIFT Labs",108.6306,0.0000,0.0000,0.0000,108.6306
"2cdabda8-a40b-459c-81c7-75da8545c0dc","","AZ-Replit - GPO Creative Services - Member","GPO Creative Services",107.6148,0.0000,0.0000,0.0000,107.6148
"5c9243f1-dd2b-42a8-9980-de4b2f6d978b","","AZ-Replit - Finance - Member","Finance",107.3035,0.0000,0.0000,0.0000,107.3035
"4e7926ea-715b-49d2-b3bb-3f8e917d9bca","","AZ-Replit - Finance - Member","Finance",107.1129,0.0000,0.0000,0.0000,107.1129
"aeb4b374-b7d2-471a-9b54-c6446d35972a","","AZ-Replit - EBI Enterprise Analytics - Member","EBI Enterprise Analytics",106.4725,0.0000,0.0000,0.0000,106.4725
"5bf5f076-b264-489c-a405-d2e138f6af65","","AZ-Replit - Finance - Admin","Finance",105.5502,0.0000,0.0000,0.0000,105.5502
"b703b6c6-9c9c-4adb-acac-64c9b92e9de1","","AZ-Replit - GPO CTS - Member","GPO CTS",104.1989,0.0000,0.0000,0.0000,104.1989
"b963907d-0629-4d9a-ae2c-8487bb78fa8d","","AZ-Replit - GPO Creative Services - Member","GPO Creative Services",103.8056,0.0000,0.0000,0.0000,103.8056
"62845fb6-314e-4dd4-a6f8-5ba710e7d909","","AZ-Replit - GPO Creative Services - Member","GPO Creative Services",103.0095,0.0000,0.0000,0.0000,103.0095
"e41dd1c4-b1fe-4bd2-9d1a-92bfc61b5e6e","","AZ-Replit - Growth Strategy & Operations - Member","Growth Strategy & Operations",102.2024,0.0000,0.0000,0.0000,102.2024
"2da56083-c508-485f-b819-fd86ce8b06ff","","AZ-Replit - Finance - Admin","Finance",100.8354,0.0000,0.0000,0.0000,100.8354
"3ff510e8-5062-4337-9408-ad62ffd4b285","","AZ-Replit - PREPROD-Admins","",99.8759,0.0000,0.0000,0.0000,99.8759
"ef43d4b0-f625-42df-ace1-e982561031c7","","AZ-Replit - Growth Strategy & Operations - Member","Growth Strategy & Operations",98.2618,0.0000,0.0000,0.0000,98.2618
"6230107c-58e9-4987-99e3-fb6d394a4c7e","","AZ-Replit - Growth CXSO Account Mgmt - Admin; AZ-Replit - Growth CXSO Account Mgmt - Member","Growth CXSO Account Mgmt",98.2551,0.0000,0.0000,0.0000,98.2551
"77217952-d87d-4afa-baaa-1a95defec83c","","AZ-Replit - Comcast Business Marketing - Admin; AZ-Replit - Comcast Business Marketing - Member","Comcast Business Marketing",96.1764,0.0000,0.0000,0.0000,96.1764
"5a6d4b8d-2f31-4ab3-9ded-3949df64141a","","AZ-Replit - Comcast Business Customer Solutions - Member","Comcast Business Consumer Solutions",95.3840,0.0000,0.0000,0.0000,95.3840
"f136c28a-f3c8-46be-85fd-4a82dffc9382","","AZ-Replit - GPO Creative Services - Admin; AZ-Replit - GPO Creative Services - Member","GPO Creative Services",94.2693,0.0000,0.0000,0.0000,94.2693
"80586f51-eb7b-4d89-bbd5-d2c53f9765dd","","AZ-Replit - Comcast Business Customer Solutions - Member","Comcast Business Consumer Solutions",94.2219,0.0000,0.0000,0.0000,94.2219
"492c8232-352d-4a75-ab41-557e4b69d971","","AZ-Replit - Comcast Business Customer Solutions - Member","Comcast Business Consumer Solutions",94.0928,0.0000,0.0000,0.0000,94.0928
"f7ad6237-2d6d-4ff2-8458-6861bf23d026","","AZ-Replit - Strategic Development LIFT Labs - Member","Strategic Development LIFT Labs",93.8982,0.0000,0.0000,0.0000,93.8982
"27dd30fe-a2de-425a-b40e-e3dde2f2b1e5","","AZ-Replit - GPO CTS - Member","GPO CTS",93.8195,0.0000,0.0000,0.0000,93.8195
"c34aac79-b669-4e2b-bd4f-8a136ea350ac","","AZ-Replit - Finance - Member","Finance",93.7642,0.0000,0.0000,0.0000,93.7642
"9c933f10-4a4c-46a5-b8b6-d6e9b337f934","","AZ-Replit - Finance - Member","Finance",92.2899,0.0000,0.0000,0.0000,92.2899
"9d5fe57b-92e1-4838-9304-ff15a855e8a7","","AZ-Replit - EBI Enterprise Analytics - Member","EBI Enterprise Analytics",92.1857,0.0000,0.0000,0.0000,92.1857
"bfc59177-a616-4c94-b99c-668458d476d1","","AZ-Replit - Comcast Business Customer Solutions - Member","Comcast Business Consumer Solutions",90.8947,0.0000,0.0000,0.0000,90.8947
"08e502c5-e544-424a-93fe-b6c164c795d6","","AZ-Replit - Comcast Business Marketing - Member","Comcast Business Marketing",90.1714,0.0000,0.0000,0.0000,90.1714
"f512865f-b911-477a-bbea-f362e9e4ce5c","","AZ-Replit - Comcast Business Marketing - Member","Comcast Business Marketing",89.3369,0.0000,0.0000,0.0000,89.3369
"36f8a0b1-d802-46a7-8930-f8c50d7ecb5e","","AZ-Replit - Growth Strategy & Operations - Member","Growth Strategy & Operations",88.7407,0.0000,0.0000,0.0000,88.7407
"e8f14408-17c0-4da3-98ac-1e999fc6fd10","","AZ-Replit - Growth Strategy & Operations - Member","Growth Strategy & Operations",87.8847,0.0000,0.0000,0.0000,87.8847
"0e30aeb9-3da9-42df-a7ad-67a2d1fc4640","","AZ-Replit - Comcast Business Marketing - Admin; AZ-Replit - Comcast Business Marketing - Member","Comcast Business Marketing",87.5986,0.0000,0.0000,0.0000,87.5986
"b9a0f0d2-3b45-4e5d-bfb7-fe9cebb926fd","","AZ-Replit - HR Compensation - Admin; AZ-Replit - HR Compensation - Member","HR Compensation",87.3433,0.0000,0.0000,0.0000,87.3433
"d0686321-1dca-4918-9fec-ac52fa4fd2a8","","AZ-Replit - Finance - Member","Finance",86.4908,0.0000,0.0000,0.0000,86.4908
"48656c17-c59f-4d0a-832f-89251df5486d","","AZ-Replit - Growth Strategy & Operations - Member","Growth Strategy & Operations",86.0592,0.0000,0.0000,0.0000,86.0592
"3c6f2d5e-463e-43cb-9d00-c5d667ff2e58","","AZ-Replit - HR Compensation - Admin; AZ-Replit - HR Compensation - Member","HR Compensation",85.6911,0.0000,0.0000,0.0000,85.6911
"61497031-a3a3-4a13-b5a9-22233c960460","","AZ-Replit - Strategic Development Mosaic - Admin; AZ-Replit - Strategic Development Mosaic - Member","Strategic Development Mosaic",85.6281,0.0000,0.0000,0.0000,85.6281
"2d7b003b-67d0-4306-b3ce-7475d551fdec","","AZ-Replit - Finance - Member","Finance",84.7862,0.0000,0.0000,0.0000,84.7862
"a82ba4b3-00ec-4b62-91d4-0af5ed26b2e7","","AZ-Replit - Strategic Development Mosaic - Member","Strategic Development Mosaic",84.5414,0.0000,0.0000,0.0000,84.5414
"398e46ae-88e9-48e0-9951-47241361f85c","","AZ-Replit - Strategic Development LIFT Labs - Member","Strategic Development LIFT Labs",84.4386,0.0000,0.0000,0.0000,84.4386
"969280fe-1bc7-490a-aae3-9d9fff2307c6","","AZ-Replit - Growth Strategy & Operations - Member","Growth Strategy & Operations",84.0104,0.0000,0.0000,0.0000,84.0104
"aa7e4d1c-070f-4aa9-bd5e-3dc6ae9c5f35","","AZ-Replit - Comcast Business Marketing - Member","Comcast Business Marketing",83.2074,0.0000,0.0000,0.0000,83.2074
"d598a8d5-f06b-4077-96c0-9253bf9ac90c","","AZ-Replit - GPO Creative Services - Member","GPO Creative Services",83.1200,0.0000,0.0000,0.0000,83.1200
"539cb7a9-5bcb-4c38-ab62-0da7b063078b","","AZ-Replit - Comcast Business Customer Solutions - Member","Comcast Business Consumer Solutions",82.9793,0.0000,0.0000,0.0000,82.9793
"abd377a8-3ce9-4d93-b653-9e5165a4b5d4","","AZ-Replit - Corporate Communications - Admin; AZ-Replit - Corporate Communications - Member","Corporate Communications",82.7108,0.0000,0.0000,0.0000,82.7108
"1514237a-f6ab-479a-b9c7-63e0b6204dea","","AZ-Replit - GPO CTS - Viewer","GPO CTS",81.9628,0.0000,0.0000,0.0000,81.9628
"e6aea20b-9571-4cf8-af2d-2c8d5895c1a8","","AZ-Replit - Comcast Business Customer Solutions - Member","Comcast Business Consumer Solutions",81.8489,0.0000,0.0000,0.0000,81.8489
"310231f8-c036-4703-bf7a-0fae2322a1c0","","AZ-Replit - Comcast Advertising - Member","Comcast Advertising",81.2227,0.0000,0.0000,0.0000,81.2227
"427d2f94-d912-40f7-8c08-36191b335f3e","","AZ-Replit - Finance - Member","Finance",80.4169,0.0000,0.0000,0.0000,80.4169
"3c9f3c4e-145b-4d20-bbf0-1e7e3d048532","","AZ-Replit - Finance - Member","Finance",79.4190,0.0000,0.0000,0.0000,79.4190
"150d10ec-bd34-4e48-b965-8820495e6f72","","AZ-Replit - Comcast Business Customer Solutions - Member","Comcast Business Consumer Solutions",79.3875,0.0000,0.0000,0.0000,79.3875
"ffd2be4e-b38d-4134-8331-60563eacb928","","AZ-Replit - GPO CTS - Member","GPO CTS",79.3580,0.0000,0.0000,0.0000,79.3580
"924f647d-ff36-4214-9ca2-e0977a081e9e","","AZ-Replit - HR Compensation - Member","HR Compensation",79.3203,0.0000,0.0000,0.0000,79.3203
"2c8f3c54-a5a1-4e8d-a652-7dd2e4173a42","","AZ-Replit - Corporate Communications - Admin; AZ-Replit - Corporate Communications - Member","Corporate Communications",78.9519,0.0000,0.0000,0.0000,78.9519
"0ce15d03-9c8a-4ac4-8795-ad0209f6d7e2","","AZ-Replit - Finance - Admin","Finance",78.8410,0.0000,0.0000,0.0000,78.8410
"bfe389ea-a50f-43a6-b9b6-986109d0f609","","AZ-Replit - Comcast Business Customer Solutions - Member","Comcast Business Consumer Solutions",78.2908,0.0000,0.0000,0.0000,78.2908
"aff50b01-592d-4a2e-a62b-455a8003726c","","AZ-Replit - Comcast Business Customer Solutions - Member","Comcast Business Consumer Solutions",78.2100,0.0000,0.0000,0.0000,78.2100
"693e066d-e1d6-4a6c-baad-8eca8eff60e7","","AZ-Replit - EBI Enterprise Analytics - Member","EBI Enterprise Analytics",78.1494,0.0000,0.0000,0.0000,78.1494
"fee52a1d-e0d3-4cc1-ab6c-42b09a9525d3","","AZ-Replit - Finance - Admin","Finance",77.9513,0.0000,0.0000,0.0000,77.9513
"ea2560e5-fd60-4ed9-a1d7-1d385416e6ad","","AZ-Replit - Comcast Business Customer Solutions - Member","Comcast Business Consumer Solutions",77.8763,0.0000,0.0000,0.0000,77.8763
"fe2654a5-8456-4173-b23a-5308e9661b98","","AZ-Replit - EBI Enterprise Analytics - Member","EBI Enterprise Analytics",77.8456,0.0000,0.0000,0.0000,77.8456
"424e8d36-721e-4276-ace1-9bdd387525d9","","AZ-Replit - PREPROD-Admins; AZ-Replit - Strategic Development LIFT Labs - Admin; AZ-Replit - Strategic Development LIFT Labs - Member","Strategic Development LIFT Labs",77.7731,0.0000,0.0000,0.0000,77.7731
"9172faa3-9122-47cc-8032-e1a4b857c863","","AZ-Replit - GPO Creative Services - Member","GPO Creative Services",77.1601,0.0000,0.0000,0.0000,77.1601
"ddbf6932-d980-4093-9636-8c6ad2d3b129","","AZ-Replit - Finance - Member","Finance",76.4297,0.0000,0.0000,0.0000,76.4297
"76d44267-a1f9-4265-9a59-c5e35131df44","","AZ-Replit - GPO CTS - Member","GPO CTS",76.2752,0.0000,0.0000,0.0000,76.2752
"812ec8bf-444e-48f4-86ab-b86b1b6e0b60","","AZ-Replit - PREPROD-Admins; AZ-Replit - Strategic Development LIFT Labs - Admin; AZ-Replit - Strategic Development LIFT Labs - Member","Strategic Development LIFT Labs",75.9643,0.0000,0.0000,0.0000,75.9643
"01801e71-3b5f-4a0d-8fec-a4403195e5c2","","AZ-Replit - EBI AI ML - Member","EBI AI ML",75.9507,0.0000,0.0000,0.0000,75.9507
"ff5999e2-c98b-476c-8d5d-ebf275ce7539","","AZ-Replit - GPO CTS - Admin; AZ-Replit - GPO CTS - Member","GPO CTS",75.7244,0.0000,0.0000,0.0000,75.7244
"338a1fef-c3aa-425c-b2e1-2e308e98e919","","AZ-Replit - Finance - Admin","Finance",75.6006,0.0000,0.0000,0.0000,75.6006
"d766bdb8-8ec5-457c-9e02-d785bfbfa2dd","","AZ-Replit - GPO Creative Services - Member","GPO Creative Services",75.1110,0.0000,0.0000,0.0000,75.1110
"5d610dd2-7248-412e-a7a5-4bdf1b9f44a5","","AZ-Replit - GPO Creative Services - Member","GPO Creative Services",74.8172,0.0000,0.0000,0.0000,74.8172
"aabda7e7-84ee-40bc-8c79-00bbd8d3d518","","AZ-Replit - Growth Strategy & Operations - Member","Growth Strategy & Operations",74.7727,0.0000,0.0000,0.0000,74.7727
"66cc20cb-a438-4ebb-ae4b-b20910b2a0a9","","AZ-Replit - Comcast Advertising - Member","Comcast Advertising",74.5981,0.0000,0.0000,0.0000,74.5981
"c28dbc72-b338-48a9-a6fb-b6875c0c4358","","AZ-Replit - Growth Strategy & Operations - Member","Growth Strategy & Operations",74.4999,0.0000,0.0000,0.0000,74.4999
"9c6f53d4-090e-44f7-8f32-c806417b5195","","AZ-Replit - Growth CXSO Account Mgmt - Admin; AZ-Replit - Growth CXSO Account Mgmt - Member","Growth CXSO Account Mgmt",72.7421,0.0000,0.0000,0.0000,72.7421
"af904e1d-639c-45d2-ae9c-dd11bd0a3414","","AZ-Replit - Comcast Business Marketing - Admin; AZ-Replit - Comcast Business Marketing - Member","Comcast Business Marketing",72.4328,0.0000,0.0000,0.0000,72.4328
"41238427-b57e-4115-be38-8b9f1ef1d27b","","AZ-Replit - GPO CTS - Member","GPO CTS",71.8766,0.0000,0.0000,0.0000,71.8766
"bbdd3e41-7493-4953-bc70-9bf2b3ce1354","","AZ-Replit - Growth Strategy & Operations - Member","Growth Strategy & Operations",71.6283,0.0000,0.0000,0.0000,71.6283
"5297edab-3603-4dc6-84d9-340adeb90ae2","","AZ-Replit - Finance - Admin","Finance",71.4988,0.0000,0.0000,0.0000,71.4988
"25d1c3cc-e092-4801-8a4f-e5683bf67c89","","AZ-Replit - GPO Creative Services - Member","GPO Creative Services",71.1105,0.0000,0.0000,0.0000,71.1105
"eff9e079-63ac-43f7-b46e-bdcf93dcc10c","","AZ-Replit - Comcast Business Customer Solutions - Member","Comcast Business Consumer Solutions",71.0069,0.0000,0.0000,0.0000,71.0069
"0a8ef82c-232e-4220-b7a5-cfbb4004905f","","AZ-Replit - Talent and Learning - Member","Talent and Learning",70.2610,0.0000,0.0000,0.0000,70.2610
"14cc5cd8-33a3-4645-8f21-9088fbafeb6c","","AZ-Replit - Growth Strategy & Operations - Member","Growth Strategy & Operations",69.8054,0.0000,0.0000,0.0000,69.8054
"d8c95918-4a2c-469f-bdbd-c64238a6a6cd","","AZ-Replit - Growth Strategy & Operations - Member","Growth Strategy & Operations",69.3071,0.0000,0.0000,0.0000,69.3071
"95895d77-e88b-4381-8e2d-2269695b1d50","","AZ-Replit - Growth Strategy & Operations - Member","Growth Strategy & Operations",68.8567,0.0000,0.0000,0.0000,68.8567
"eee929a9-240e-4338-860d-fbebcdc2d79d","","AZ-Replit - Comcast Business Customer Solutions - Member","Comcast Business Consumer Solutions",68.0552,0.0000,0.0000,0.0000,68.0552
"dbb823cb-0ec6-4ff6-85b1-09b7e50b64aa","","AZ-Replit - GPO CTS - Member","GPO CTS",67.6696,0.0000,0.0000,0.0000,67.6696
"53620609-f635-4789-b6a7-10c77b66440f","","AZ-Replit - Growth CXSO Account Mgmt - Member","Growth CXSO Account Mgmt",67.6530,0.0000,0.0000,0.0000,67.6530
"8f493105-7806-4cec-bd78-aaa455973188","","AZ-Replit - Comcast Business Customer Solutions - Admin","Comcast Business Consumer Solutions",67.3362,0.0000,0.0000,0.0000,67.3362
"0c2c1bba-d1e6-444a-bef7-8d6eac2cbbc8","","AZ-Replit - GPO Creative Services - Member","GPO Creative Services",66.8715,0.0000,0.0000,0.0000,66.8715
"9e6a7071-67be-4ddd-83a8-1be44063585d","","AZ-Replit - Comcast Advertising - Member","Comcast Advertising",66.0736,0.0000,0.0000,0.0000,66.0736
"e3d10cc4-015e-4026-abdd-a211046814ba","","AZ-Replit - Comcast Advertising - Member","Comcast Advertising",65.9205,0.0000,0.0000,0.0000,65.9205
"097d66a3-b6d2-47d9-b697-07463604d347","","AZ-Replit - Comcast Advertising - Member","Comcast Advertising",65.5357,0.0000,0.0000,0.0000,65.5357
"e0fb2c7e-86fc-4e30-8510-a3f8866b5a5e","","AZ-Replit - Wireless - Admin; AZ-Replit - Wireless - Member","Wireless",65.3381,0.0000,0.0000,0.0000,65.3381
"d37cb801-4de3-4c5a-ba57-84a91bee60a6","","AZ-Replit - Finance - Member","Finance",65.2694,0.0000,0.0000,0.0000,65.2694
"910163e5-e4a1-4d09-a021-fbb3d8a1bc75","","AZ-Replit - Growth Strategy & Operations - Member","Growth Strategy & Operations",64.8626,0.0000,0.0000,0.0000,64.8626
"b6380144-ef69-43c5-af45-c12d542eab2e","","AZ-Replit - GPO CTS - Member","GPO CTS",64.7950,0.0000,0.0000,0.0000,64.7950
"bf3d6b44-0cd4-4a98-a903-05f89d6608b1","","AZ-Replit - GPO CTS - Member","GPO CTS",64.7347,0.0000,0.0000,0.0000,64.7347
"d580ba50-dbbb-450b-b4d3-ecd9275392c2","","AZ-Replit - Comcast Business Customer Solutions - Member","Comcast Business Consumer Solutions",63.9989,0.0000,0.0000,0.0000,63.9989
"d01fc98b-02cb-4672-87ba-1c90ee9bc70e","","AZ-Replit - Strategic Development LIFT Labs - Member","Strategic Development LIFT Labs",63.7817,0.0000,0.0000,0.0000,63.7817
"82b2c581-d84b-4aae-b1e0-d931cc6697ba","","AZ-Replit - GPO Creative Services - Member","GPO Creative Services",63.6836,0.0000,0.0000,0.0000,63.6836
"c7046ad9-abf8-4574-b862-3b2df5f1878a","","AZ-Replit - Finance - Admin","Finance",63.6028,0.0000,0.0000,0.0000,63.6028
"2c20955d-7260-4281-985b-a2e1a5841d57","","AZ-Replit - GPO Creative Services - Member","GPO Creative Services",63.1399,0.0000,0.0000,0.0000,63.1399
"4e7f33d5-4b11-4d41-8edc-99c76db7402a","","AZ-Replit - GPO CTS - Member; AZ-Replit - GPO CTS - Viewer","GPO CTS",63.1063,0.0000,0.0000,0.0000,63.1063
"84a1e428-7d7e-43da-bfeb-c48e8fbc632f","","AZ-Replit - GPO Connected Living - Member","GPO Connected Living",62.6397,0.0000,0.0000,0.0000,62.6397
"686cdd5b-b447-4a12-bf0b-d0a02dd20076","","AZ-Replit - Finance - Member","Finance",61.8277,0.0000,0.0000,0.0000,61.8277
"c5c5005a-5f41-423c-bab7-cea9ad44d5dc","","AZ-Replit - Comcast Business Customer Solutions - Member","Comcast Business Consumer Solutions",61.5554,0.0000,0.0000,0.0000,61.5554
"a2b00f86-86f1-439f-b917-9ea78c939a47","","AZ-Replit - GPO Connected Living - Viewer","GPO Connected Living",61.5409,0.0000,0.0000,0.0000,61.5409
"e39365d4-90ac-4551-b3dd-01b9e0668893","","AZ-Replit - Growth Strategy & Operations - Member","Growth Strategy & Operations",61.0431,0.0000,0.0000,0.0000,61.0431
"f5e4bf49-13d8-40fd-b7e3-578e3dd8fd08","","AZ-Replit - Growth Strategy & Operations - Member","Growth Strategy & Operations",60.5249,0.0000,0.0000,0.0000,60.5249
"c3f7d39b-7a26-4f53-b50f-f97f04118084","","AZ-Replit - GPO Creative Services - Member","GPO Creative Services",60.3598,0.0000,0.0000,0.0000,60.3598
"279d6054-ce9f-488e-83fa-4499ea08bcee","","AZ-Replit - EBI Enterprise Analytics - Member","EBI Enterprise Analytics",60.0673,0.0000,0.0000,0.0000,60.0673
"e285a703-b241-4058-bab7-4136ea80bc07","","AZ-Replit - Comcast Business Marketing - Member","Comcast Business Marketing",59.7704,0.0000,0.0000,0.0000,59.7704
"fcf1837b-5e1f-40b6-8c76-704962ca3de1","","AZ-Replit - Comcast Business Customer Solutions - Member","Comcast Business Consumer Solutions",59.1300,0.0000,0.0000,0.0000,59.1300
"e0f1afa7-cfe8-4660-8523-b346b45e6c35","","AZ-Replit - Comcast Business Customer Solutions - Member","Comcast Business Consumer Solutions",59.0380,0.0000,0.0000,0.0000,59.0380
"0155b8d6-ce6c-4e97-9f74-dcb0ce6b9591","","AZ-Replit - Comcast Business Marketing - Member","Comcast Business Marketing",59.0136,0.0000,0.0000,0.0000,59.0136
"a5c8ef9f-c257-4044-9a94-88b91f3cb2bf","","AZ-Replit - Growth Strategy & Operations - Member","Growth Strategy & Operations",58.7692,0.0000,0.0000,0.0000,58.7692
"50fe2662-6989-411a-9ab3-0b18a8d1dc69","","AZ-Replit - GPO CTS - Admin; AZ-Replit - GPO CTS - Member","GPO CTS",58.7464,0.0000,0.0000,0.0000,58.7464
"13702800-690a-46f9-8802-60d589161cfa","","AZ-Replit - PREPROD-Admins; AZ-Replit - Strategic Development LIFT Labs - Admin","Strategic Development LIFT Labs",58.5196,0.0000,0.0000,0.0000,58.5196
"d790e98d-b44e-4014-8256-60326d6c57ef","","AZ-Replit - Comcast Advertising - Member","Comcast Advertising",58.4801,0.0000,0.0000,0.0000,58.4801
"b228cc6c-8719-4fb4-9c18-af02f0f316b9","","AZ-Replit - Wireless - Member","Wireless",58.4132,0.0000,0.0000,0.0000,58.4132
"339d8339-9cfa-4c20-9781-f57cb9aeaf9d","","AZ-Replit - Growth Strategy & Operations - Member","Growth Strategy & Operations",58.2354,0.0000,0.0000,0.0000,58.2354
"9b823400-6e72-4c0e-a4df-c983fef7738e","","AZ-Replit - Finance - Member","Finance",58.1458,0.0000,0.0000,0.0000,58.1458
"487c82c1-3629-49c3-922e-3e89443e765e","","AZ-Replit - Wireless - Member","Wireless",57.6262,0.0000,0.0000,0.0000,57.6262
"819f046f-26ab-44fc-bbc0-60520ce5c4e9","","AZ-Replit - EBI AI ML - Admin; AZ-Replit - EBI AI ML - Member","EBI AI ML",57.4031,0.0000,0.0000,0.0000,57.4031
"56718f0e-b290-43e1-8353-f044c7c5bb36","","AZ-Replit - Finance - Admin","Finance",56.9548,0.0000,0.0000,0.0000,56.9548
"7f8f4732-894b-4990-9c65-92f8941fdafe","","AZ-Replit - HR Compensation - Member","HR Compensation",56.8893,0.0000,0.0000,0.0000,56.8893
"7d428d73-7497-4b34-8857-85a95bec8176","","AZ-Replit - Finance - Admin","Finance",56.5904,0.0000,0.0000,0.0000,56.5904
"ca155a61-43db-4dcc-978c-cd920b3a9b13","","AZ-Replit - Growth Strategy & Operations - Admin","Growth Strategy & Operations",56.2536,0.0000,0.0000,0.0000,56.2536
"636080d6-b2e6-4e28-807e-000c137cc63e","","AZ-Replit - GPO CTS - Member; AZ-Replit - GPO CTS - Viewer","GPO CTS",56.1776,0.0000,0.0000,0.0000,56.1776
"d3475629-b6cd-4cf1-a236-dcacd89020ae","","AZ-Replit - Finance - Member","Finance",55.8968,0.0000,0.0000,0.0000,55.8968
"4abd2381-94f3-46c3-af32-3e500a40b0f9","","AZ-Replit - GPO Creative Services - Member","GPO Creative Services",55.7696,0.0000,0.0000,0.0000,55.7696
"43715d39-662b-45e9-bf69-717de12cf76d","","AZ-Replit - Comcast Business Customer Solutions - Member","Comcast Business Consumer Solutions",55.6792,0.0000,0.0000,0.0000,55.6792
"622d5440-e239-4bd5-aae2-2638bc927e07","","AZ-Replit - Growth Strategy & Operations - Member","Growth Strategy & Operations",55.6162,0.0000,0.0000,0.0000,55.6162
"3e55f05d-0172-4540-95df-701931911eb6","","AZ-Replit - Comcast Advertising - Member","Comcast Advertising",55.4599,0.0000,0.0000,0.0000,55.4599
"0180d02a-d205-4f00-9a11-7b0ab02a7bd1","","AZ-Replit - Growth MDU - Admin","Growth MDU",54.5279,0.0000,0.0000,0.0000,54.5279
"f02db634-3cec-46bb-982b-8abb343bfba4","","AZ-Replit - Comcast Business Marketing - Member","Comcast Business Marketing",54.2893,0.0000,0.0000,0.0000,54.2893
"7da68053-e4bd-4bfd-a4f8-a656a318070e","","AZ-Replit - GPO Creative Services - Member","GPO Creative Services",53.8120,0.0000,0.0000,0.0000,53.8120
"ccff8791-6e0f-4a2d-a413-cee4fc23e485","","AZ-Replit - Comcast Business Marketing - Member","Comcast Business Marketing",53.6912,0.0000,0.0000,0.0000,53.6912
"6a25ae84-bf16-4ce5-9e56-6cc9bff081b1","","AZ-Replit - Finance - Member","Finance",53.2143,0.0000,0.0000,0.0000,53.2143
"b502e038-4cff-4f00-8767-b532f80c4cca","","AZ-Replit - GPO Creative Services - Member","GPO Creative Services",52.0499,0.0000,0.0000,0.0000,52.0499
"a1e71c4e-f65d-4f32-8876-42eb26180f71","","AZ-Replit - Growth Strategy & Operations - Member","Growth Strategy & Operations",51.8971,0.0000,0.0000,0.0000,51.8971
"f64ccacd-abf0-42f3-a77d-9c28f7aa055e","","AZ-Replit - GPO CTS - Member","GPO CTS",51.6251,0.0000,0.0000,0.0000,51.6251
"c8253da1-9d15-479b-991e-51d21face226","","AZ-Replit - EBI AI ML - Admin; AZ-Replit - EBI AI ML - Member","EBI AI ML",51.6047,0.0000,0.0000,0.0000,51.6047
"c0b48574-51da-4d02-b376-70f6c230109a","","AZ-Replit - Growth Strategy & Operations - Member","Growth Strategy & Operations",51.5384,0.0000,0.0000,0.0000,51.5384
"047af1d3-37d7-4877-bcfd-5c4c7386f605","","AZ-Replit - GPO CTS - Admin; AZ-Replit - GPO CTS - Member","GPO CTS",51.4926,0.0000,0.0000,0.0000,51.4926
"ca8d09c9-82d8-4803-bc5d-e6367c4a1675","","AZ-Replit - Finance - Admin","Finance",51.3274,0.0000,0.0000,0.0000,51.3274
"9866c262-c3e6-4c2a-adb1-5df445aadab8","","AZ-Replit - Growth Strategy & Operations - Member","Growth Strategy & Operations",51.0906,0.0000,0.0000,0.0000,51.0906
"d17b9811-a7c8-4b8e-abd4-18bf665e3380","","AZ-Replit - Growth Strategy & Operations - Member","Growth Strategy & Operations",50.5477,0.0000,0.0000,0.0000,50.5477
"5798d3f5-81df-4d71-a9e1-c0b0b39a3bb3","","AZ-Replit - GPO CTS - Admin; AZ-Replit - GPO CTS - Member; AZ-Replit - GPO CTS - Viewer","GPO CTS",50.3964,0.0000,0.0000,0.0000,50.3964
"368f86ad-fc89-4356-a7c8-c10ca70ef3ed","","AZ-Replit - GPO Creative Services - Member","GPO Creative Services",49.8237,0.0000,0.0000,0.0000,49.8237
"4f3a0612-0867-4003-bd80-42df9ee1de42","","AZ-Replit - GPO CTS - Viewer","GPO CTS",49.6228,0.0000,0.0000,0.0000,49.6228
"d98ff78e-7e82-4313-b5de-69c8a38bf914","","AZ-Replit - GPO Creative Services - Member","GPO Creative Services",48.8786,0.0000,0.0000,0.0000,48.8786
"5b9976ad-9372-44df-92ce-f8c7915f0f1a","","AZ-Replit - Comcast Business Customer Solutions - Member","Comcast Business Consumer Solutions",48.7876,0.0000,0.0000,0.0000,48.7876
"ef562763-eec7-4665-be2a-b2aa9164beda","","AZ-Replit - Growth CXSO Account Mgmt - Admin; AZ-Replit - Growth CXSO Account Mgmt - Member","Growth CXSO Account Mgmt",48.7795,0.0000,0.0000,0.0000,48.7795
"5008c828-d58d-478f-8a3a-d450376896b9","","AZ-Replit - Growth Strategy & Operations - Admin","Growth Strategy & Operations",48.5979,0.0000,0.0000,0.0000,48.5979
"334d28e4-c94f-450c-b265-d3c6a5c61076","","AZ-Replit - GPO CTS - Member; AZ-Replit - GPO CTS - Viewer","GPO CTS",47.2864,0.0000,0.0000,0.0000,47.2864
"18ff4094-f96e-4e59-ab09-688fe5f3114b","","AZ-Replit - Corporate Communications - Admin","Corporate Communications",47.1148,0.0000,0.0000,0.0000,47.1148
"790f1e16-b9a9-4ee7-86de-4132203b5681","","AZ-Replit - GPO Connected Living - Admin","GPO Connected Living",47.0710,0.0000,0.0000,0.0000,47.0710
"8b1e0e36-578b-4a61-9cc5-98999ee6d2c9","","AZ-Replit - GPO Creative Services - Admin; AZ-Replit - GPO Creative Services - Member","GPO Creative Services",46.7955,0.0000,0.0000,0.0000,46.7955
"59e36edf-7f61-4567-8ba8-660af306c7b6","","AZ-Replit - GPO Connected Living - Member","GPO Connected Living",46.6524,0.0000,0.0000,0.0000,46.6524
"08d38bd3-72d3-46ee-828d-b9a7ef6dd768","","AZ-Replit - GPO Creative Services - Admin; AZ-Replit - GPO Creative Services - Member","GPO Creative Services",46.5947,0.0000,0.0000,0.0000,46.5947
"6bd44b18-2d1a-4f24-834e-7f1d4df50e78","","AZ-Replit - Finance - Member","Finance",46.4995,0.0000,0.0000,0.0000,46.4995
"c7e51a50-6b36-490d-8787-f2be955c1a87","","AZ-Replit - Comcast Advertising - Member","Comcast Advertising",46.3568,0.0000,0.0000,0.0000,46.3568
"0ab7de5a-a8e2-4ba0-8d5a-b7bae6e7cc7c","","AZ-Replit - Strategic Development LIFT Labs - Member","Strategic Development LIFT Labs",46.3065,0.0000,0.0000,0.0000,46.3065
"1800080e-54a5-4071-9b51-f0a0e7f496fa","","AZ-Replit - HR Compensation - Member","HR Compensation",45.9988,0.0000,0.0000,0.0000,45.9988
"b683bd0a-8ac4-4795-975e-0db0b2ad1882","","AZ-Replit - PREPROD-Admins; AZ-Replit - Strategic Development LIFT Labs - Member","Strategic Development LIFT Labs",45.8088,0.0000,0.0000,0.0000,45.8088
"53a47535-3b7d-47de-8a68-6877d5ea768e","","AZ-Replit - Talent and Learning - Member","Talent and Learning",45.7630,0.0000,0.0000,0.0000,45.7630
"824992de-fa86-4a2c-b7ff-d3a3cacdeb75","","AZ-Replit - Finance - Member","Finance",45.7500,0.0000,0.0000,0.0000,45.7500
"3ef31507-66d5-406e-bcb7-fcd3b64fe7e3","","AZ-Replit - Talent and Learning - Member","Talent and Learning",45.3072,0.0000,0.0000,0.0000,45.3072
"903239f6-9a2d-4733-b91e-347ccccf6c8d","","AZ-Replit - EBI Enterprise Analytics - Admin; AZ-Replit - EBI Enterprise Analytics - Member","EBI Enterprise Analytics",45.2723,0.0000,0.0000,0.0000,45.2723
"195b99c8-9428-4529-8148-3392661a944b","","AZ-Replit - Growth Strategy & Operations - Member","Growth Strategy & Operations",44.9299,0.0000,0.0000,0.0000,44.9299
"f7fe0452-d207-4b86-8e12-030d078185b6","","AZ-Replit - Growth Strategy & Operations - Member","Growth Strategy & Operations",44.8240,0.0000,0.0000,0.0000,44.8240
"40c0136d-eaa5-4976-9220-48a8150628c6","","AZ-Replit - Comcast Business Customer Solutions - Member","Comcast Business Consumer Solutions",44.6568,0.0000,0.0000,0.0000,44.6568
"5f96d724-c001-48c0-91d6-adde7d8966ad","","AZ-Replit - Growth Strategy & Operations - Member","Growth Strategy & Operations",44.4188,0.0000,0.0000,0.0000,44.4188
"bbc4496a-42a7-412f-9e7f-6fc70fd087a6","","AZ-Replit - Finance - Member","Finance",44.3881,0.0000,0.0000,0.0000,44.3881
"04ea8db1-4291-4cba-b9aa-247d7a17b0d6","","AZ-Replit - Strategic Development LIFT Labs - Member","Strategic Development LIFT Labs",43.6927,0.0000,0.0000,0.0000,43.6927
"0e292d84-dd9d-4892-ba34-5180a5136017","","AZ-Replit - Comcast Business Marketing - Viewer","Comcast Business Marketing",43.4071,0.0000,0.0000,0.0000,43.4071
"27eb7094-b6a1-4f9f-95de-d55c014d66d7","","AZ-Replit - EBI Enterprise Analytics - Member","EBI Enterprise Analytics",43.4069,0.0000,0.0000,0.0000,43.4069
"828be3b0-5676-4393-9810-fcd0cddbaf81","","AZ-Replit - Comcast Advertising - Member","Comcast Advertising",43.2339,0.0000,0.0000,0.0000,43.2339
"175ab2f3-2b1e-42e8-9e5e-7e3f5fd9b86e","","AZ-Replit - Finance - Admin","Finance",43.1117,0.0000,0.0000,0.0000,43.1117
"fbf86bf8-3972-47f9-81aa-38a33aa8edfc","","AZ-Replit - GPO CTS - Viewer","GPO CTS",42.6625,0.0000,0.0000,0.0000,42.6625
"d4ba810b-f7d2-42ca-b029-3b2fd9c459ba","","AZ-Replit - Comcast Advertising - Member","Comcast Advertising",42.0506,0.0000,0.0000,0.0000,42.0506
"4de1dd5f-db46-4000-b948-d03c5847fa8d","","AZ-Replit - Finance - Admin","Finance",41.7339,0.0000,0.0000,0.0000,41.7339
"a479d0dc-859d-4bd0-a490-76a95c272ad3","","AZ-Replit - Strategic Development Mosaic - Admin; AZ-Replit - Strategic Development Mosaic - Member","Strategic Development Mosaic",41.6334,0.0000,0.0000,0.0000,41.6334
"5f0ef327-036d-4575-9b4d-21039320e004","","AZ-Replit - Comcast Advertising - Member","Comcast Advertising",41.4648,0.0000,0.0000,0.0000,41.4648
"d4320759-0645-48ac-b3d0-1f5a69263919","","AZ-Replit - Comcast Business Marketing - Member","Comcast Business Marketing",41.4447,0.0000,0.0000,0.0000,41.4447
"e960681c-929f-4f6f-a6a9-fc1de2064f73","","AZ-Replit - GPO Creative Services - Admin; AZ-Replit - GPO Creative Services - Member","GPO Creative Services",41.3256,0.0000,0.0000,0.0000,41.3256
"12c57dc2-8fd3-429d-88c0-c39a99c0fc55","","AZ-Replit - GPO Creative Services - Admin; AZ-Replit - GPO Creative Services - Member","GPO Creative Services",41.2176,0.0000,0.0000,0.0000,41.2176
"3048a722-fd59-4b7d-9ed9-e9906ea1ff9a","","AZ-Replit - Growth Strategy & Operations - Member","Growth Strategy & Operations",41.1466,0.0000,0.0000,0.0000,41.1466
"96112312-43a9-447d-8690-abb09bd361ed","","AZ-Replit - Corporate Communications - Admin; AZ-Replit - Corporate Communications - Member","Corporate Communications",41.0270,0.0000,0.0000,0.0000,41.0270
"ab19ec81-16ce-495a-b8c8-7d763c45af42","","AZ-Replit - GPO CTS - Admin; AZ-Replit - GPO CTS - Member","GPO CTS",40.5448,0.0000,0.0000,0.0000,40.5448
"e2c7dab5-844f-4cbc-ac1b-70db4a909102","","AZ-Replit - Growth Xfinity Consumer Product Marketing - Admin","Growth Xfinity Consumer Product Marketing",40.3733,0.0000,0.0000,0.0000,40.3733
"071612f6-d9ed-4d79-bede-a42d6fa10db5","","AZ-Replit - GPO CTS - Member","GPO CTS",40.1449,0.0000,0.0000,0.0000,40.1449
"9728d816-5179-469a-bcaa-cccb53217e28","","AZ-Replit - GPO Creative Services - Member","GPO Creative Services",39.9032,0.0000,0.0000,0.0000,39.9032
"67dd6a58-2f49-4ff6-88e4-c512e83415d0","","AZ-Replit - PREPROD-Admins","",39.5488,0.0000,0.0000,0.0000,39.5488
"7e409d56-9d06-46d1-8134-7a237d80d80c","","AZ-Replit - GPO Connected Living - Member","GPO Connected Living",39.4471,0.0000,0.0000,0.0000,39.4471
"ec5a4935-a909-4e75-9522-6502058cae4b","","AZ-Replit - GPO CTS - Member","GPO CTS",39.2928,0.0000,0.0000,0.0000,39.2928
"0f4dfa94-346a-4b34-8154-ec2484717a59","","AZ-Replit - EBI AI ML - Admin; AZ-Replit - EBI AI ML - Member","EBI AI ML",39.2520,0.0000,0.0000,0.0000,39.2520
"d1d8ce7e-c587-4c73-bb4b-3b65dc489226","","AZ-Replit - GPO CTS - Member","GPO CTS",39.2325,0.0000,0.0000,0.0000,39.2325
"debdfb4b-8d22-43de-bb5a-bf50c8a01e05","","AZ-Replit - Comcast Business Customer Solutions - Member","Comcast Business Consumer Solutions",39.1294,0.0000,0.0000,0.0000,39.1294
"ccf24b8d-8d8d-4472-bd88-c36cab657e3b","","AZ-Replit - EBI Enterprise Analytics - Member","EBI Enterprise Analytics",39.0589,0.0000,0.0000,0.0000,39.0589
"e75b03b3-2399-406d-9c83-5092321e1b71","","AZ-Replit - GPO Connected Living - Member","GPO Connected Living",38.9403,0.0000,0.0000,0.0000,38.9403
"6f278324-3f1e-4c9f-b4d6-4f127d4ebb79","","AZ-Replit - HR Compensation - Member","HR Compensation",38.8334,0.0000,0.0000,0.0000,38.8334
"26f6b8d1-9cd2-4e76-9879-bae30cae929b","","AZ-Replit - GPO Connected Living - Member","GPO Connected Living",38.4167,0.0000,0.0000,0.0000,38.4167
"7d4ce17d-f874-45ae-a335-b7cdbc3a1324","","AZ-Replit - Growth CXSO Account Mgmt - Member","Growth CXSO Account Mgmt",38.2323,0.0000,0.0000,0.0000,38.2323
"30a870cd-a8fc-4265-ad4e-b23db9c2b61a","","AZ-Replit - EBI Enterprise Analytics - Member","EBI Enterprise Analytics",38.1816,0.0000,0.0000,0.0000,38.1816
"9575411a-6dff-411a-9982-fe457e178833","","AZ-Replit - Comcast Business Customer Solutions - Member","Comcast Business Consumer Solutions",38.1174,0.0000,0.0000,0.0000,38.1174
"75b5cb14-a6e9-4f7b-b7a1-ee8e845d5d00","","AZ-Replit - GPO CTS - Admin; AZ-Replit - GPO CTS - Member","GPO CTS",37.8968,0.0000,0.0000,0.0000,37.8968
"d55f6c05-457c-45c7-8a78-abc3c16ffb25","","AZ-Replit - Finance - Member","Finance",37.7002,0.0000,0.0000,0.0000,37.7002
"c78b9e0e-0dac-41b7-87c9-f6fa0fec88a5","","AZ-Replit - Growth Strategy & Operations - Member","Growth Strategy & Operations",37.5841,0.0000,0.0000,0.0000,37.5841
"eae40fec-2bcc-43aa-9ca2-ea62b641e050","","AZ-Replit - GPO CTS - Member","GPO CTS",37.3838,0.0000,0.0000,0.0000,37.3838
"3718c4eb-bc2a-42f3-a674-46889fb610ff","","AZ-Replit - GPO Creative Services - Admin; AZ-Replit - GPO Creative Services - Member","GPO Creative Services",37.3413,0.0000,0.0000,0.0000,37.3413
"83eb28e7-1f92-4448-8f67-03036f51db21","","AZ-Replit - Growth Strategy & Operations - Member","Growth Strategy & Operations",37.2842,0.0000,0.0000,0.0000,37.2842
"df36eef0-cf3c-4eff-8886-b084bc115fc5","","AZ-Replit - GPO Creative Services - Member","GPO Creative Services",37.1263,0.0000,0.0000,0.0000,37.1263
"30d89adc-b550-4c17-bc2e-b46aaca635a5","","AZ-Replit - EBI AI ML - Admin; AZ-Replit - EBI AI ML - Member","EBI AI ML",36.9156,0.0000,0.0000,0.0000,36.9156
"13970d29-95e2-4591-8123-60697ed3b9ca","","AZ-Replit - Growth Strategy & Operations - Member","Growth Strategy & Operations",36.9084,0.0000,0.0000,0.0000,36.9084
"4b9af400-71eb-495e-94d4-83ff0e8bb0ba","","AZ-Replit - Strategic Development Mosaic - Member","Strategic Development Mosaic",36.7232,0.0000,0.0000,0.0000,36.7232
"7b2b7661-fd23-4e33-84aa-07f2563c503c","","AZ-Replit - GPO Creative Services - Member","GPO Creative Services",36.6377,0.0000,0.0000,0.0000,36.6377
"9895ef29-2e39-46f8-a5bb-6b69d54b79e4","","AZ-Replit - GPO Creative Services - Member","GPO Creative Services",36.5836,0.0000,0.0000,0.0000,36.5836
"83f6d916-4437-4ddf-b274-2e436b680ca7","","AZ-Replit - Talent and Learning - Member","Talent and Learning",36.4097,0.0000,0.0000,0.0000,36.4097
"c75f57ba-122e-4811-afbb-550cdce87ac4","","AZ-Replit - Growth Strategy & Operations - Member","Growth Strategy & Operations",36.3746,0.0000,0.0000,0.0000,36.3746
"3a243f04-c570-42bc-ac76-fcef2f4c242e","","AZ-Replit - Growth Strategy & Operations - Member","Growth Strategy & Operations",36.3250,0.0000,0.0000,0.0000,36.3250
"1baacc9f-3fab-4362-9f35-ca8c6e2a7630","","AZ-Replit - Growth CXSO Account Mgmt - Member","Growth CXSO Account Mgmt",36.1329,0.0000,0.0000,0.0000,36.1329
"0a86fade-cad7-4eb6-8b4d-764bc8a8b62c","","AZ-Replit - Growth Strategy & Operations - Member","Growth Strategy & Operations",36.1140,0.0000,0.0000,0.0000,36.1140
"954386ee-02e3-4d08-950c-e834506dc284","","AZ-Replit - GPO Creative Services - Member","GPO Creative Services",35.8036,0.0000,0.0000,0.0000,35.8036
"c4215dde-f46f-4158-b94b-a526bfb7a92b","","AZ-Replit - Growth Strategy & Operations - Member","Growth Strategy & Operations",35.6939,0.0000,0.0000,0.0000,35.6939
"733b910d-e02d-41d4-a6e1-341ae24b4878","","AZ-Replit - EBI Enterprise Analytics - Member","EBI Enterprise Analytics",35.6034,0.0000,0.0000,0.0000,35.6034
"151b61aa-c187-4cb6-9701-012d647c34b3","","AZ-Replit - Growth Strategy & Operations - Member","Growth Strategy & Operations",35.5555,0.0000,0.0000,0.0000,35.5555
"1eb7f27e-ef63-497a-b946-91f17d972ab0","","AZ-Replit - GPO Creative Services - Member","GPO Creative Services",35.2420,0.0000,0.0000,0.0000,35.2420
"16687e88-5f56-4bda-82f4-586702422dfc","","AZ-Replit - GPO Connected Living - Admin","GPO Connected Living",35.2356,0.0000,0.0000,0.0000,35.2356
"9f70bb6a-b5e7-4a63-8b59-87c280cbf37f","","AZ-Replit - PREPROD-Admins; AZ-Replit - Strategic Development LIFT Labs - Admin; AZ-Replit - Strategic Development LIFT Labs - Member","Strategic Development LIFT Labs",35.1304,0.0000,0.0000,0.0000,35.1304
"3ffe6209-58ac-48a1-849a-05aef40d0b17","","AZ-Replit - HR Compensation - Member","HR Compensation",35.0538,0.0000,0.0000,0.0000,35.0538
"eaa47ee2-58ed-4480-97a0-eac0819683ec","","AZ-Replit - Comcast Business Marketing - Admin; AZ-Replit - Comcast Business Marketing - Member","Comcast Business Marketing",34.8835,0.0000,0.0000,0.0000,34.8835
"cb240541-e4ef-4068-94b3-5e0cc7c198d4","","AZ-Replit - PREPROD-Admins; AZ-Replit - Strategic Development LIFT Labs - Member","Strategic Development LIFT Labs",34.6414,0.0000,0.0000,0.0000,34.6414
"04c39a53-efa6-495f-836e-f3debbfa018c","","AZ-Replit - GPO Connected Living - Member","GPO Connected Living",34.5005,0.0000,0.0000,0.0000,34.5005
"fd642fca-be8a-4e88-97f5-4d594c7267cf","","AZ-Replit - GPO Creative Services - Member","GPO Creative Services",34.4400,0.0000,0.0000,0.0000,34.4400
"f6a2da6f-c3a6-4843-b82f-7ae8e3dbdb83","","AZ-Replit - Comcast Business Customer Solutions - Member","Comcast Business Consumer Solutions",34.3378,0.0000,0.0000,0.0000,34.3378
"8359143c-8f46-468f-8432-968d2624a79d","","AZ-Replit - Growth Strategy & Operations - Member","Growth Strategy & Operations",34.1655,0.0000,0.0000,0.0000,34.1655
"2e32da13-0c2e-44b0-9984-01f1dff2a4cb","","AZ-Replit - Talent and Learning - Member","Talent and Learning",34.0107,0.0000,0.0000,0.0000,34.0107
"0b5611b0-df5c-4f83-9435-a8237f4902fd","","AZ-Replit - GPO Connected Living - Admin","GPO Connected Living",33.8301,0.0000,0.0000,0.0000,33.8301
"885488b8-55e3-40c7-b114-40d93eb2b21b","","AZ-Replit - GPO Creative Services - Member","GPO Creative Services",33.6993,0.0000,0.0000,0.0000,33.6993
"b0451244-8630-4565-9f53-e572e0d3e342","","AZ-Replit - GPO Connected Living - Member","GPO Connected Living",33.6104,0.0000,0.0000,0.0000,33.6104
"c86a1163-a9a4-4007-92e8-bce1097f3934","","AZ-Replit - Comcast Business Customer Solutions - Member","Comcast Business Consumer Solutions",33.5850,0.0000,0.0000,0.0000,33.5850
"e300aff9-e4e0-4fe8-9413-b9e191bea69b","","AZ-Replit - Growth Strategy & Operations - Member","Growth Strategy & Operations",33.5448,0.0000,0.0000,0.0000,33.5448
"9f3cebaa-a625-42f2-b304-7274d165e9b3","","AZ-Replit - HR Compensation - Admin; AZ-Replit - HR Compensation - Member","HR Compensation",33.4898,0.0000,0.0000,0.0000,33.4898
"f7c8c10c-15e9-46fb-86c2-52527817e69b","","AZ-Replit - GPO CTS - Member","GPO CTS",33.4784,0.0000,0.0000,0.0000,33.4784
"7f0f02e6-8080-47ed-b3c8-5f69c723671d","","AZ-Replit - GPO CTS - Member","GPO CTS",33.4714,0.0000,0.0000,0.0000,33.4714
"0273e422-a155-42a3-bbda-69d535469788","","AZ-Replit - Growth Xfinity Consumer Product Marketing - Admin","Growth Xfinity Consumer Product Marketing",33.4309,0.0000,0.0000,0.0000,33.4309
"65cc682a-87e7-496d-aba5-8c246a1b0ab3","","AZ-Replit - Freewheel - Admin","Freewheel",33.2795,0.0000,0.0000,0.0000,33.2795
"8b9c92ae-d656-4154-9638-d0946aee5598","","AZ-Replit - GPO Creative Services - Member","GPO Creative Services",33.2739,0.0000,0.0000,0.0000,33.2739
"7ee22858-7a36-4f70-98fd-5b824d01afa7","","AZ-Replit - GPO Creative Services - Member","GPO Creative Services",33.1591,0.0000,0.0000,0.0000,33.1591
"f84b77e2-0226-4ad8-bae5-448430f5e01f","","AZ-Replit - Corporate Communications - Admin; AZ-Replit - Corporate Communications - Member","Corporate Communications",32.9467,0.0000,0.0000,0.0000,32.9467
"4c643714-0bda-4fdf-9193-a047f81d5b8a","","AZ-Replit - Growth Strategy & Operations - Member","Growth Strategy & Operations",32.8224,0.0000,0.0000,0.0000,32.8224
"8bc7e81c-f87e-40bb-8ed2-b7bfb134d4cd","","AZ-Replit - Comcast Advertising - Member","Comcast Advertising",32.7034,0.0000,0.0000,0.0000,32.7034
"98f00254-599d-4392-8664-ad372853bd49","","AZ-Replit - Comcast Business Customer Solutions - Member","Comcast Business Consumer Solutions",32.5365,0.0000,0.0000,0.0000,32.5365
"5af81bf2-db8f-4f41-aec7-57c911afd9c5","","AZ-Replit - GPO Creative Services - Member","GPO Creative Services",32.4893,0.0000,0.0000,0.0000,32.4893
"8f298501-5171-478f-8828-ca8478495ff4","","AZ-Replit - GPO Creative Services - Member","GPO Creative Services",32.4369,0.0000,0.0000,0.0000,32.4369
"291c855e-3095-4423-88ee-67e088e021b8","","AZ-Replit - Finance - Admin","Finance",32.3368,0.0000,0.0000,0.0000,32.3368
"eef4668b-7ca5-4c8d-ad59-4513a3f170c8","","AZ-Replit - GPO Creative Services - Member","GPO Creative Services",32.1060,0.0000,0.0000,0.0000,32.1060
"8183a321-8879-40e2-9ff7-660ee76ff2a8","","AZ-Replit - Growth Strategy & Operations - Member","Growth Strategy & Operations",31.9632,0.0000,0.0000,0.0000,31.9632
"540cba56-8ac5-4d0e-ba52-2fb9b962db07","","AZ-Replit - GPO Connected Living - Member","GPO Connected Living",31.9330,0.0000,0.0000,0.0000,31.9330
"6b8510cd-8755-4910-94f8-db9330faeb53","","AZ-Replit - EBI Enterprise Analytics - Member","EBI Enterprise Analytics",31.9107,0.0000,0.0000,0.0000,31.9107
"7cdfc690-b336-4341-9296-b851772f8c94","","AZ-Replit - GPO Connected Living - Member","GPO Connected Living",31.8668,0.0000,0.0000,0.0000,31.8668
"7b58a304-9921-4396-99ff-f67b2f5fdf47","","AZ-Replit - GPO CTS - Viewer","GPO CTS",31.8389,0.0000,0.0000,0.0000,31.8389
"63fb7589-eec5-498d-8147-22fc26ef34ae","","AZ-Replit - GPO CTS - Viewer","GPO CTS",31.5475,0.0000,0.0000,0.0000,31.5475
"5045f839-c2bb-45da-b1d3-f22e4ff7849e","","AZ-Replit - Comcast Business Customer Solutions - Member","Comcast Business Consumer Solutions",31.5376,0.0000,0.0000,0.0000,31.5376
"d3be65b4-f1f5-4d0e-8de4-f1f74e3933be","","AZ-Replit - Comcast Advertising - Member","Comcast Advertising",31.4003,0.0000,0.0000,0.0000,31.4003
"7610180d-1731-48a9-a72d-ef326252609b","","AZ-Replit - Comcast Business Marketing - Member","Comcast Business Marketing",31.3035,0.0000,0.0000,0.0000,31.3035
"8ef4b14e-46c1-4084-863a-65a0313923da","","AZ-Replit - Finance - Admin","Finance",31.1720,0.0000,0.0000,0.0000,31.1720
"4be4b604-5903-4b3c-9f54-bc150c1f73ca","","AZ-Replit - Comcast Advertising - Member","Comcast Advertising",31.0381,0.0000,0.0000,0.0000,31.0381
"059ed203-e699-44fc-80bd-ff7368e4bbaf","","AZ-Replit - Comcast Business Marketing - Member","Comcast Business Marketing",30.9737,0.0000,0.0000,0.0000,30.9737
"b3c0c99e-4ead-482c-bf9b-47b48e31cb4e","","AZ-Replit - GPO Creative Services - Member","GPO Creative Services",30.7550,0.0000,0.0000,0.0000,30.7550
"c754b0b4-b7bb-406e-abe1-8573348f32b0","","AZ-Replit - Comcast Advertising - Member","Comcast Advertising",30.7459,0.0000,0.0000,0.0000,30.7459
"00a56b31-c35e-4058-a5d6-3341b136d41d","","AZ-Replit - Growth MDU - Admin","Growth MDU",30.7316,0.0000,0.0000,0.0000,30.7316
"fb4c9b19-bd4d-468e-9956-ddbdd1a3a120","","AZ-Replit - Growth CXSO Account Mgmt - Admin; AZ-Replit - Growth CXSO Account Mgmt - Member","Growth CXSO Account Mgmt",30.4134,0.0000,0.0000,0.0000,30.4134
"a86c15a9-e576-4afa-a233-cc1854b6d3c5","","AZ-Replit - Growth Strategy & Operations - Member","Growth Strategy & Operations",30.3438,0.0000,0.0000,0.0000,30.3438
"ff3ac267-370b-4edd-b5d2-e1e385e69312","","AZ-Replit - GPO Connected Living - Member","GPO Connected Living",30.1525,0.0000,0.0000,0.0000,30.1525
"0cbdf900-a265-4a95-9748-5779431f9f8b","","AZ-Replit - Growth Strategy & Operations - Member","Growth Strategy & Operations",30.0124,0.0000,0.0000,0.0000,30.0124
"403c0df4-c391-41f3-ad16-1ce1fde952fa","","AZ-Replit - Growth Strategy & Operations - Member","Growth Strategy & Operations",29.9964,0.0000,0.0000,0.0000,29.9964
"992d2487-17ba-428c-be51-19fd858a4231","","AZ-Replit - Comcast Business Customer Solutions - Member","Comcast Business Consumer Solutions",29.6152,0.0000,0.0000,0.0000,29.6152
"4ce0a2d7-694c-489c-987c-1fd97c8ed44e","","AZ-Replit - GPO Connected Living - Member","GPO Connected Living",29.5588,0.0000,0.0000,0.0000,29.5588
"9019790e-a5e4-451b-a515-f5b6e63458be","","AZ-Replit - Comcast Advertising - Member","Comcast Advertising",29.3817,0.0000,0.0000,0.0000,29.3817
"97562db1-ac7b-4814-bb8e-9034710f81ff","","AZ-Replit - Comcast Advertising - Member","Comcast Advertising",29.3345,0.0000,0.0000,0.0000,29.3345
"11be7999-171f-498c-a591-7c182f67ac08","","AZ-Replit - HR Compensation - Admin; AZ-Replit - HR Compensation - Member","HR Compensation",29.3014,0.0000,0.0000,0.0000,29.3014
"fd3ceeb8-a08f-4d9f-8cbf-d36c4fc0a34a","","AZ-Replit - Comcast Advertising - Member","Comcast Advertising",29.1533,0.0000,0.0000,0.0000,29.1533
"be2f18c9-e0e2-43fc-a9ca-dc49f5558ac2","","AZ-Replit - Comcast Business Customer Solutions - Member","Comcast Business Consumer Solutions",29.1327,0.0000,0.0000,0.0000,29.1327
"0676e439-fe49-4f84-ae23-a82f612b9983","","AZ-Replit - Comcast Business Customer Solutions - Member","Comcast Business Consumer Solutions",28.9562,0.0000,0.0000,0.0000,28.9562
"64c5217c-c636-4bbe-90f6-3687a7a1c033","","AZ-Replit - Comcast Advertising - Member","Comcast Advertising",28.8288,0.0000,0.0000,0.0000,28.8288
"05736e18-9ea7-4b86-a601-6653e1d0d177","","AZ-Replit - Comcast Business Customer Solutions - Member","Comcast Business Consumer Solutions",28.7970,0.0000,0.0000,0.0000,28.7970
"c3fa6ebd-0148-4a1c-8220-3c733e4bec05","","AZ-Replit - Comcast Business Marketing - Admin; AZ-Replit - Comcast Business Marketing - Member","Comcast Business Marketing",28.7772,0.0000,0.0000,0.0000,28.7772
"381e7581-1acc-4fbf-a5c0-ed2b2468a682","","AZ-Replit - EBI Enterprise Analytics - Member","EBI Enterprise Analytics",28.7285,0.0000,0.0000,0.0000,28.7285
"9957401f-6e6d-404d-ac7f-47f607a04f21","","AZ-Replit - Comcast Business Marketing - Member","Comcast Business Marketing",28.6104,0.0000,0.0000,0.0000,28.6104
"e3aa7948-abfb-4b76-a488-835396f680c8","","AZ-Replit - HR Compensation - Admin; AZ-Replit - HR Compensation - Member","HR Compensation",28.3962,0.0000,0.0000,0.0000,28.3962
"83d68326-9d92-4951-97de-f1b70fa2a4ce","","AZ-Replit - Growth Strategy & Operations - Member","Growth Strategy & Operations",28.2714,0.0000,0.0000,0.0000,28.2714
"13f00bef-7395-467a-b217-9f834954697f","","AZ-Replit - Freewheel - Admin; AZ-Replit - Talent and Learning - Member","Freewheel; Talent and Learning",27.8801,0.0000,0.0000,0.0000,27.8801
"35cfa892-de75-4112-9fa9-10b9ada77d2d","","AZ-Replit - Growth Strategy & Operations - Member","Growth Strategy & Operations",27.8138,0.0000,0.0000,0.0000,27.8138
"0af141e3-9c0f-4126-98d1-790268ec94d8","","AZ-Replit - EBI AI ML - Admin; AZ-Replit - EBI AI ML - Member","EBI AI ML",27.7677,0.0000,0.0000,0.0000,27.7677
"942048cf-8404-4353-bfb0-eba1057d143c","","AZ-Replit - GPO Connected Living - Member","GPO Connected Living",27.7334,0.0000,0.0000,0.0000,27.7334
"4aee5ddc-6da7-43c1-8541-de382507b5e3","","AZ-Replit - Comcast Business Customer Solutions - Member","Comcast Business Consumer Solutions",27.6245,0.0000,0.0000,0.0000,27.6245
"97519c02-6768-4b54-8b0a-a34a8915383a","","AZ-Replit - Finance - Admin","Finance",27.6095,0.0000,0.0000,0.0000,27.6095
"f52ed4c1-de05-48e7-b8c6-e44011f3afe5","","AZ-Replit - Comcast Business Marketing - Member","Comcast Business Marketing",27.5481,0.0000,0.0000,0.0000,27.5481
"1d8393c1-d5d5-44cc-bb22-16d6fc76a2ea","","AZ-Replit - Corporate Communications - Admin; AZ-Replit - Corporate Communications - Member; BnD Analytics Team","Corporate Communications",27.4215,0.0000,0.0000,0.0000,27.4215
"f673576c-9e13-48c2-a1e8-c1cf1a7a634e","","AZ-Replit - Corporate Communications - Admin; AZ-Replit - Corporate Communications - Member; BnD Analytics Team","Corporate Communications",27.1546,0.0000,0.0000,0.0000,27.1546
"2a56e443-9de3-4939-a5bd-db143bff03ca","","AZ-Replit - Comcast Business Customer Solutions - Member","Comcast Business Consumer Solutions",27.0474,0.0000,0.0000,0.0000,27.0474
"62ede06a-ed7b-42c8-9296-6732b53e8532","","AZ-Replit - Finance - Member","Finance",27.0361,0.0000,0.0000,0.0000,27.0361
"ceba2b2b-4d87-4378-8352-f50a822588f6","","AZ-Replit - HR Compensation - Admin; AZ-Replit - HR Compensation - Member","HR Compensation",27.0000,0.0000,0.0000,0.0000,27.0000
"73a0734d-f8fb-4c83-a35b-335575d65b4b","","AZ-Replit - Corporate Communications - Member","Corporate Communications",26.8979,0.0000,0.0000,0.0000,26.8979
"7387e78b-b031-481d-85bf-24144f46c440","","AZ-Replit - Comcast Advertising - Member","Comcast Advertising",26.8731,0.0000,0.0000,0.0000,26.8731
"b1ddb492-59d0-4248-be4e-2e0ab4301f42","","AZ-Replit - GPO Creative Services - Member","GPO Creative Services",26.6382,0.0000,0.0000,0.0000,26.6382
"ed535041-f97a-4593-97af-68b04015825e","","AZ-Replit - GPO Connected Living - Member","GPO Connected Living",26.4813,0.0000,0.0000,0.0000,26.4813
"6a013c46-7c2c-4027-9297-f5a822d19dec","","AZ-Replit - Comcast Business Customer Solutions - Member","Comcast Business Consumer Solutions",26.4791,0.0000,0.0000,0.0000,26.4791
"15d0aaa9-ae76-4828-a1e4-0c0ca7df31cc","","AZ-Replit - PREPROD-Admins; AZ-Replit - Strategic Development LIFT Labs - Member","Strategic Development LIFT Labs",26.4118,0.0000,0.0000,0.0000,26.4118
"4d487846-73a4-47d5-8967-d5f175f289cd","","AZ-Replit - GPO CTS - Member","GPO CTS",26.2740,0.0000,0.0000,0.0000,26.2740
"9946ccfd-a600-40ca-ba51-1d3ec29169f4","","AZ-Replit - Corporate Communications - Admin; AZ-Replit - Corporate Communications - Member","Corporate Communications",26.2634,0.0000,0.0000,0.0000,26.2634
"b1d95489-dd7f-4f65-9182-d04eeccb5ff6","","AZ-Replit - GPO Connected Living - Member","GPO Connected Living",26.0440,0.0000,0.0000,0.0000,26.0440
"4a1eb184-e3d8-4c9d-b327-f72b786f5613","","AZ-Replit - GPO Connected Living - Member","GPO Connected Living",26.0216,0.0000,0.0000,0.0000,26.0216
"e89581ae-fd3c-4864-942a-f735b7dab75a","","AZ-Replit - GPO Connected Living - Member","GPO Connected Living",25.8923,0.0000,0.0000,0.0000,25.8923
"97642e3d-1abc-4d79-801d-e83ce49c016c","","AZ-Replit - EBI Enterprise Analytics - Member","EBI Enterprise Analytics",25.8902,0.0000,0.0000,0.0000,25.8902
"ce5f0766-2471-422b-9035-81e0b88797dd","","AZ-Replit - Strategic Development LIFT Labs - Member","Strategic Development LIFT Labs",25.8761,0.0000,0.0000,0.0000,25.8761
"06938038-9615-45c4-86f7-8b2d76aa1b8d","","AZ-Replit - Strategic Development Mosaic - Member","Strategic Development Mosaic",25.8458,0.0000,0.0000,0.0000,25.8458
"67a26d9b-3354-49cc-9936-40f54d5f34bf","","AZ-Replit - Growth CXSO Account Mgmt - Member","Growth CXSO Account Mgmt",25.8019,0.0000,0.0000,0.0000,25.8019
"aa0de7a3-a2dd-4280-a5be-ce88ed24be28","","AZ-Replit - Corporate Communications - Member","Corporate Communications",25.7849,0.0000,0.0000,0.0000,25.7849
"f26bda2b-b2b5-40ce-86af-73e3f742bfd2","","AZ-Replit - Comcast Business Customer Solutions - Member","Comcast Business Consumer Solutions",25.7099,0.0000,0.0000,0.0000,25.7099
"3ecee91f-5ee7-4500-b36d-515a2f2f1951","","AZ-Replit - Growth CXSO Account Mgmt - Member","Growth CXSO Account Mgmt",25.6896,0.0000,0.0000,0.0000,25.6896
"9a8aeb99-2084-4ef6-8c8b-e9486957d554","","AZ-Replit - HR Compensation - Admin; AZ-Replit - HR Compensation - Member","HR Compensation",25.6512,0.0000,0.0000,0.0000,25.6512
"1796f5a5-0585-49b0-a854-2bd286d5407d","","AZ-Replit - Corporate Communications - Member","Corporate Communications",25.6266,0.0000,0.0000,0.0000,25.6266
"73efae86-90c0-49ee-9db1-80ed82ecdd55","","AZ-Replit - Growth Strategy & Operations - Member","Growth Strategy & Operations",25.5037,0.0000,0.0000,0.0000,25.5037
"4719767b-f4ce-46aa-9343-2547f16fda8c","","AZ-Replit - Talent and Learning - Member","Talent and Learning",25.5029,0.0000,0.0000,0.0000,25.5029
"828d314a-5296-48a1-b8cd-83ec6e20b3de","","AZ-Replit - EBI Enterprise Analytics - Member","EBI Enterprise Analytics",25.4949,0.0000,0.0000,0.0000,25.4949
"bd874d62-992b-498e-8a97-cfb068f8c815","","AZ-Replit - GPO Creative Services - Member","GPO Creative Services",25.2885,0.0000,0.0000,0.0000,25.2885
"a3ac7dbc-bc39-4af5-ae51-aa523f0c18df","","AZ-Replit - GPO Creative Services - Admin; AZ-Replit - GPO Creative Services - Member","GPO Creative Services",25.2648,0.0000,0.0000,0.0000,25.2648
"fe402211-689d-4415-96fe-cd224d3a9c1d","","AZ-Replit - Comcast Business Customer Solutions - Member","Comcast Business Consumer Solutions",25.1118,0.0000,0.0000,0.0000,25.1118
"38facf01-fd2b-47db-9737-acfdd47c4df5","","AZ-Replit - Comcast Business Marketing - Admin; AZ-Replit - Comcast Business Marketing - Member","Comcast Business Marketing",24.9833,0.0000,0.0000,0.0000,24.9833
"8e95ca2b-1dec-45a0-baa8-fc6e4d33546a","","AZ-Replit - Comcast Business Customer Solutions - Member","Comcast Business Consumer Solutions",24.9728,0.0000,0.0000,0.0000,24.9728
"21591280-66f3-4075-bc14-a10268b804d5","","AZ-Replit - Corporate Communications - Admin; AZ-Replit - Corporate Communications - Member","Corporate Communications",24.6450,0.0000,0.0000,0.0000,24.6450
"4e7db57c-181a-4abe-9022-7b64af6c88c5","","AZ-Replit - Growth Strategy & Operations - Admin","Growth Strategy & Operations",24.5296,0.0000,0.0000,0.0000,24.5296
"3c06c012-620f-478b-9bc7-377ca101afec","","AZ-Replit - Comcast Business Customer Solutions - Member","Comcast Business Consumer Solutions",24.4892,0.0000,0.0000,0.0000,24.4892
"07db7010-6ae4-4e26-a111-981e2d56d565","","AZ-Replit - Growth Xfinity Consumer Product Marketing - Admin","Growth Xfinity Consumer Product Marketing",24.3739,0.0000,0.0000,0.0000,24.3739
"dbe234b6-de37-4715-86af-eeefa3e91731","","AZ-Replit - HR Compensation - Admin; AZ-Replit - HR Compensation - Member","HR Compensation",24.3696,0.0000,0.0000,0.0000,24.3696
"797228be-f4e3-4b37-b7d7-b133bc15e66a","","AZ-Replit - GPO Connected Living - Member","GPO Connected Living",24.3473,0.0000,0.0000,0.0000,24.3473
"4f9478b3-4cf9-48d6-9ed6-843862472f6f","","AZ-Replit - Strategic Development Mosaic - Admin; AZ-Replit - Strategic Development Mosaic - Member","Strategic Development Mosaic",24.3140,0.0000,0.0000,0.0000,24.3140
"78244230-1d1b-461d-a725-0c8d8fd2df63","","AZ-Replit - GPO Connected Living - Member","GPO Connected Living",24.3108,0.0000,0.0000,0.0000,24.3108
"e5766838-618a-4816-ad28-1a272fd7d10b","","AZ-Replit - Growth Strategy & Operations - Member","Growth Strategy & Operations",24.2943,0.0000,0.0000,0.0000,24.2943
"ebb3e0a6-3de6-4f17-ba86-b64639c7e25f","","AZ-Replit - Finance - Member","Finance",24.0363,0.0000,0.0000,0.0000,24.0363
"d83bd35d-0bb4-43c4-abfb-0af0218d5356","","AZ-Replit - Comcast Business Marketing - Viewer","Comcast Business Marketing",24.0240,0.0000,0.0000,0.0000,24.0240
"faca2137-401e-4e4d-9026-f2e0ba1745c5","","AZ-Replit - Talent and Learning - Member","Talent and Learning",23.9244,0.0000,0.0000,0.0000,23.9244
"ab6c95fa-913e-4d37-b4a3-334caf7e1231","","AZ-Replit - HR Compensation - Admin; AZ-Replit - HR Compensation - Member","HR Compensation",23.8064,0.0000,0.0000,0.0000,23.8064
"4b7019a3-a3eb-454e-84bb-cd15651736a9","","AZ-Replit - GPO Creative Services - Member","GPO Creative Services",23.6959,0.0000,0.0000,0.0000,23.6959
"8794ac19-d7e0-4ed0-94cb-c52dd24c9647","","AZ-Replit - GPO CTS - Member","GPO CTS",23.6332,0.0000,0.0000,0.0000,23.6332
"21355faa-ba06-4d53-8b5a-9e6c9a4ad97e","","AZ-Replit - PREPROD-Admins; AZ-Replit - Strategic Development LIFT Labs - Member","Strategic Development LIFT Labs",23.5782,0.0000,0.0000,0.0000,23.5782
"f4438e0e-fce0-4012-8ecc-345254237273","","AZ-Replit - GPO Creative Services - Member","GPO Creative Services",23.5280,0.0000,0.0000,0.0000,23.5280
"b0ffed78-cb1e-4f64-aa06-ad2143d0b102","","AZ-Replit - Comcast Business Marketing - Member","Comcast Business Marketing",23.4405,0.0000,0.0000,0.0000,23.4405
"ccfe9f86-5b98-43b6-98ab-774e44deaa61","","AZ-Replit - Growth CXSO Account Mgmt - Member","Growth CXSO Account Mgmt",23.2715,0.0000,0.0000,0.0000,23.2715
"da404386-a890-42f7-9da6-af7b5ae1ce1e","","AZ-Replit - Comcast Business Customer Solutions - Member","Comcast Business Consumer Solutions",23.2599,0.0000,0.0000,0.0000,23.2599
"8522a490-6d07-4e00-95e5-a37a79c98ef1","","AZ-Replit - Growth Strategy & Operations - Member","Growth Strategy & Operations",23.1447,0.0000,0.0000,0.0000,23.1447
"ccbb9913-8161-4da9-92e1-e9986410d0d2","","AZ-Replit - Corporate Communications - Member; BnD Analytics Team","Corporate Communications",23.1416,0.0000,0.0000,0.0000,23.1416
"61d6cffa-bf65-479e-8651-7dbffa1a5ecf","","AZ-Replit - Strategic Development Mosaic - Member","Strategic Development Mosaic",23.0955,0.0000,0.0000,0.0000,23.0955
"b997a6d2-f7d6-4902-bdb0-45c59ad8ff62","","AZ-Replit - GPO CTS - Viewer","GPO CTS",22.9844,0.0000,0.0000,0.0000,22.9844
"04c03a6f-c2d3-4d7c-83a3-026f680edc75","","AZ-Replit - Growth Strategy & Operations - Member","Growth Strategy & Operations",22.9738,0.0000,0.0000,0.0000,22.9738
"970668d5-64a3-42eb-a607-6bc4bfdd4ec9","","AZ-Replit - Comcast Business Customer Solutions - Member","Comcast Business Consumer Solutions",22.9448,0.0000,0.0000,0.0000,22.9448
"9ad274f8-9a71-4ac4-900a-0877a77114ee","","AZ-Replit - Wireless - Member","Wireless",22.9172,0.0000,0.0000,0.0000,22.9172
"cd1011c0-9b27-4a2b-baa4-26c82a7ab8c0","","AZ-Replit - Comcast Advertising - Member","Comcast Advertising",22.8688,0.0000,0.0000,0.0000,22.8688
"6dfd2a4f-4574-4a8e-a770-9b5bd4e08e76","","AZ-Replit - HR Compensation - Admin; AZ-Replit - HR Compensation - Member","HR Compensation",22.7773,0.0000,0.0000,0.0000,22.7773
"be935ff4-6f30-4c82-b62f-e21548837c4f","","AZ-Replit - GPO Connected Living - Member","GPO Connected Living",22.7507,0.0000,0.0000,0.0000,22.7507
"9cc2f200-b1f8-4f1b-9d95-1d68e6bcdde9","","AZ-Replit - Comcast Business Customer Solutions - Member","Comcast Business Consumer Solutions",22.6579,0.0000,0.0000,0.0000,22.6579
"5a4f8072-946c-45c8-b6ff-955e74662454","","AZ-Replit - GPO Creative Services - Member","GPO Creative Services",22.5929,0.0000,0.0000,0.0000,22.5929
"d77cf71e-e117-4eaa-9045-a0d3edbc6f07","","AZ-Replit - Growth CXSO Account Mgmt - Member","Growth CXSO Account Mgmt",22.4754,0.0000,0.0000,0.0000,22.4754
"9767bfd6-a435-4c45-aae1-b87007f9800e","","AZ-Replit - GPO Connected Living - Member","GPO Connected Living",22.4089,0.0000,0.0000,0.0000,22.4089
"c5cc9da9-8bba-4256-ac2b-7364f29723d1","","AZ-Replit - GPO CTS - Member","GPO CTS",22.3933,0.0000,0.0000,0.0000,22.3933
"3ff232ee-e799-4a1a-b99d-4f45e43a24e7","","AZ-Replit - Growth Strategy & Operations - Admin","Growth Strategy & Operations",22.3260,0.0000,0.0000,0.0000,22.3260
"7541996f-2037-432d-97b4-548718870058","","AZ-Replit - EBI Enterprise Analytics - Member","EBI Enterprise Analytics",22.3180,0.0000,0.0000,0.0000,22.3180
"a88bb84e-4644-4f9c-bba7-1d27a2555f33","","AZ-Replit - Growth Strategy & Operations - Member","Growth Strategy & Operations",22.1871,0.0000,0.0000,0.0000,22.1871
"b0d33a65-7bb5-4bcc-ba9f-470610019ce8","","AZ-Replit - Comcast Business Customer Solutions - Admin","Comcast Business Consumer Solutions",22.1810,0.0000,0.0000,0.0000,22.1810
"82fb8047-6734-4881-8f53-2873a88c526a","","AZ-Replit - EBI Enterprise Analytics - Member","EBI Enterprise Analytics",22.1586,0.0000,0.0000,0.0000,22.1586
"8d11be43-4637-49f3-a137-09c0516a3d9e","","AZ-Replit - Growth Strategy & Operations - Member","Growth Strategy & Operations",21.9761,0.0000,0.0000,0.0000,21.9761
"bd59447f-0dfd-4bd5-8131-ca6492ce913f","","AZ-Replit - Finance - Admin","Finance",21.9737,0.0000,0.0000,0.0000,21.9737
"526bc6eb-7e62-4bc0-adad-89a66d4fa3ce","","AZ-Replit - Growth Strategy & Operations - Member","Growth Strategy & Operations",21.7514,0.0000,0.0000,0.0000,21.7514
"2152d3d4-9823-4af3-84ce-a06e7f3759e7","","AZ-Replit - EBI Enterprise Analytics - Member","EBI Enterprise Analytics",21.6024,0.0000,0.0000,0.0000,21.6024
"e3757218-62c0-468c-82e8-964992227e89","","AZ-Replit - Finance - Member","Finance",21.5038,0.0000,0.0000,0.0000,21.5038
"a19d560d-087a-4add-b82d-11c63fd25119","","AZ-Replit - Corporate Communications - Member","Corporate Communications",21.1092,0.0000,0.0000,0.0000,21.1092
"5396ed3f-274c-498c-8fe6-9fb62c8b93c1","","AZ-Replit - Comcast Business Customer Solutions - Member","Comcast Business Consumer Solutions",21.0478,0.0000,0.0000,0.0000,21.0478
"655af64b-225c-4060-a587-051fa4ed7a5a","","AZ-Replit - Growth Strategy & Operations - Member","Growth Strategy & Operations",20.8865,0.0000,0.0000,0.0000,20.8865
"a598a213-505b-4183-9880-eaa836357752","","AZ-Replit - Comcast Business Customer Solutions - Member","Comcast Business Consumer Solutions",20.8240,0.0000,0.0000,0.0000,20.8240
"428132a5-12cb-420d-863c-86a1e8c7deb2","","AZ-Replit - Strategic Development Mosaic - Member","Strategic Development Mosaic",20.8011,0.0000,0.0000,0.0000,20.8011
"1e33f462-dc10-4b9f-aa4e-2b61e67df29d","","AZ-Replit - Freewheel - Member","Freewheel",20.5303,0.0000,0.0000,0.0000,20.5303
"015611ce-c220-4b94-905f-f2ae6567ee34","","AZ-Replit - GPO Connected Living - Member","GPO Connected Living",20.4973,0.0000,0.0000,0.0000,20.4973
"7404cf28-c5b2-423f-9342-372a0c07dcbe","","AZ-Replit - Comcast Advertising - Member","Comcast Advertising",20.1919,0.0000,0.0000,0.0000,20.1919
"32fb0fdc-cc9e-4fab-bf60-afdf8353fbb6","","AZ-Replit - Comcast Business Customer Solutions - Member","Comcast Business Consumer Solutions",20.1816,0.0000,0.0000,0.0000,20.1816
"ca615960-5a1f-4c7f-95f9-4bb9510abbb4","","AZ-Replit - Growth Xfinity Consumer Product Marketing - Admin","Growth Xfinity Consumer Product Marketing",20.0580,0.0000,0.0000,0.0000,20.0580
"a1c8d7f0-e161-4a16-8aad-dc5f7f20f0a3","","AZ-Replit - GPO Connected Living - Member","GPO Connected Living",20.0183,0.0000,0.0000,0.0000,20.0183
"93069fe3-215e-401f-9943-40bfea983427","","AZ-Replit - NBCU - Member","NBCU",19.9109,0.0000,0.0000,0.0000,19.9109
"b7d88aac-8c47-493d-8081-5e20e7fa9333","","AZ-Replit - Growth Strategy & Operations - Member","Growth Strategy & Operations",19.5447,0.0000,0.0000,0.0000,19.5447
"9ca504a5-cd81-4cfc-abd6-273e861cad6d","","AZ-Replit - GPO CTS - Admin; AZ-Replit - GPO CTS - Member","GPO CTS",19.4631,0.0000,0.0000,0.0000,19.4631
"e3ee8d60-f34b-4312-9429-dc21b405407e","","AZ-Replit - GPO CTS - Member","GPO CTS",19.4381,0.0000,0.0000,0.0000,19.4381
"d6d9cfcf-b23b-44a9-9157-c9c9534b6dad","","AZ-Replit - Talent and Learning - Member","Talent and Learning",19.4313,0.0000,0.0000,0.0000,19.4313
"61676e34-6f95-4b14-bd85-32867c1a7a6e","","AZ-Replit - HR Compensation - Admin; AZ-Replit - HR Compensation - Member","HR Compensation",19.4145,0.0000,0.0000,0.0000,19.4145
"29fd86a0-d9eb-44b1-8003-acecacc20748","","AZ-Replit - Growth Strategy & Operations - Admin","Growth Strategy & Operations",19.3754,0.0000,0.0000,0.0000,19.3754
"35b3988d-9270-4cd6-aa56-f44f6cac5846","","AZ-Replit - GPO Connected Living - Member","GPO Connected Living",19.3301,0.0000,0.0000,0.0000,19.3301
"c0c34eae-5169-4fbe-a5cd-1e14e501dcc6","","AZ-Replit - GPO CTS - Member","GPO CTS",19.3174,0.0000,0.0000,0.0000,19.3174
"9ec9b267-791f-48c0-9860-150651a7b1e2","","AZ-Replit - GPO Connected Living - Member","GPO Connected Living",19.2915,0.0000,0.0000,0.0000,19.2915
"74313c6e-73e6-4f0f-a951-2f0de1452c0e","","AZ-Replit - Finance - Admin","Finance",19.1495,0.0000,0.0000,0.0000,19.1495
"3b5fe21b-568d-48ff-9d73-a95d29d4a0e4","","AZ-Replit - GPO Connected Living - Member","GPO Connected Living",19.0719,0.0000,0.0000,0.0000,19.0719
"8bf0e90e-bbf7-4c27-92c1-c6a21f849e0f","","AZ-Replit - Growth Strategy & Operations - Member","Growth Strategy & Operations",19.0330,0.0000,0.0000,0.0000,19.0330
"df0b1fc4-d083-43b6-b853-aeebb37a2613","","AZ-Replit - Growth Strategy & Operations - Member","Growth Strategy & Operations",18.8905,0.0000,0.0000,0.0000,18.8905
"912de4eb-fff2-4a43-92b9-c86dbf73a9b6","","AZ-Replit - Comcast Business Customer Solutions - Member","Comcast Business Consumer Solutions",18.8707,0.0000,0.0000,0.0000,18.8707
"b3575f60-a57f-49eb-8c68-e6bf9444de73","","AZ-Replit - Growth CXSO Account Mgmt - Member","Growth CXSO Account Mgmt",18.7297,0.0000,0.0000,0.0000,18.7297
"a03d22a0-387b-467b-9a41-b5ae0216da1c","","AZ-Replit - GPO CTS - Member","GPO CTS",18.7082,0.0000,0.0000,0.0000,18.7082
"891e29ae-4520-435c-b5fb-6a619c2b74fa","","AZ-Replit - Comcast Business Customer Solutions - Member","Comcast Business Consumer Solutions",18.6695,0.0000,0.0000,0.0000,18.6695
"a9b8de2e-0bf8-4bd8-b56e-e3a0552e5e56","","AZ-Replit - Growth Xfinity Consumer Product Marketing - Admin","Growth Xfinity Consumer Product Marketing",18.5749,0.0000,0.0000,0.0000,18.5749
"34db0418-3e38-4a6c-9944-e9afe2fa2fcb","","AZ-Replit - GPO Creative Services - Member","GPO Creative Services",18.4267,0.0000,0.0000,0.0000,18.4267
"05fa6703-adfd-4649-aed7-fe508dbe3853","","AZ-Replit - GPO CTS - Member","GPO CTS",18.2777,0.0000,0.0000,0.0000,18.2777
"185f5ba6-6b9a-4bd2-a100-19321f300d90","","AZ-Replit - Growth Strategy & Operations - Member","Growth Strategy & Operations",18.2675,0.0000,0.0000,0.0000,18.2675
"cb0a7ae3-3c34-4c3f-8075-2efa525fc729","","AZ-Replit - Growth Strategy & Operations - Member","Growth Strategy & Operations",18.2674,0.0000,0.0000,0.0000,18.2674
"907c37b8-01b7-4d72-95a8-68905eaf95cf","","AZ-Replit - EBI Enterprise Analytics - Member","EBI Enterprise Analytics",18.1955,0.0000,0.0000,0.0000,18.1955
"de465970-eb62-4e20-8119-ef1c6b326bdf","","AZ-Replit - Growth Strategy & Operations - Admin","Growth Strategy & Operations",18.1288,0.0000,0.0000,0.0000,18.1288
"c9fc422d-a417-4f8e-9451-92593a574513","","AZ-Replit - Comcast Business Customer Solutions - Member","Comcast Business Consumer Solutions",18.0575,0.0000,0.0000,0.0000,18.0575
"8bf87b6e-c109-407f-8b6e-fd613a802a3b","","AZ-Replit - Growth Strategy & Operations - Admin","Growth Strategy & Operations",18.0220,0.0000,0.0000,0.0000,18.0220
"739ddff6-9339-4537-933a-34daf810e146","","AZ-Replit - GPO Connected Living - Admin","GPO Connected Living",17.9110,0.0000,0.0000,0.0000,17.9110
"1d0d0114-cc4f-4782-9452-a52e80960a7e","","AZ-Replit - GPO Connected Living - Admin","GPO Connected Living",17.8784,0.0000,0.0000,0.0000,17.8784
"b6495440-b5ae-4243-8201-78aec63ca1d9","","AZ-Replit - GPO Connected Living - Member","GPO Connected Living",17.8159,0.0000,0.0000,0.0000,17.8159
"6632c165-70ed-44ae-bfaf-f06eb8b4a871","","AZ-Replit - Growth CXSO Account Mgmt - Member","Growth CXSO Account Mgmt",17.8131,0.0000,0.0000,0.0000,17.8131
"7f6f9a97-ccaf-4660-96e6-624d56231512","","AZ-Replit - Strategic Development Mosaic - Admin; AZ-Replit - Strategic Development Mosaic - Member","Strategic Development Mosaic",17.7604,0.0000,0.0000,0.0000,17.7604
"a3e6aacb-116f-4036-85b6-e1b97487ac2d","","AZ-Replit - Growth Strategy & Operations - Member","Growth Strategy & Operations",17.6784,0.0000,0.0000,0.0000,17.6784
"efe534b1-3439-4eed-ae4d-089916383985","","AZ-Replit - EBI Enterprise Analytics - Member","EBI Enterprise Analytics",17.6047,0.0000,0.0000,0.0000,17.6047
"72ff3aba-a34b-4041-b49f-f12d275e8f74","","AZ-Replit - Finance - Member","Finance",17.5190,0.0000,0.0000,0.0000,17.5190
"43df5f01-588c-4493-9f58-a6e78c587000","","AZ-Replit - Comcast Business Customer Solutions - Member","Comcast Business Consumer Solutions",17.5017,0.0000,0.0000,0.0000,17.5017
"3868eec5-467a-4bf4-9f93-cbae1b89d85c","","AZ-Replit - Growth Strategy & Operations - Member","Growth Strategy & Operations",17.3364,0.0000,0.0000,0.0000,17.3364
"10f016b9-5f9b-4866-a25b-9d1f191dde55","","AZ-Replit - Wireless - Member","Wireless",17.2767,0.0000,0.0000,0.0000,17.2767
"724fd8b0-828f-4d99-982e-8d1e6bf15fc3","","AZ-Replit - Strategic Development LIFT Labs - Member","Strategic Development LIFT Labs",17.2016,0.0000,0.0000,0.0000,17.2016
"7400915f-dab0-4beb-b70b-e344e358b680","","AZ-Replit - Comcast Business Customer Solutions - Member","Comcast Business Consumer Solutions",17.2006,0.0000,0.0000,0.0000,17.2006
"8649f639-9d9e-4eb1-9337-82a8c26174cf","","AZ-Replit - Finance - Member","Finance",17.1771,0.0000,0.0000,0.0000,17.1771
"419ad567-98b0-408a-8e1b-be895bfeb4fb","","AZ-Replit - Finance - Admin","Finance",17.1616,0.0000,0.0000,0.0000,17.1616
"a34dd698-01ee-477b-bffd-ab442f43b93e","","AZ-Replit - Comcast Business Marketing - Admin; AZ-Replit - Comcast Business Marketing - Member","Comcast Business Marketing",17.1563,0.0000,0.0000,0.0000,17.1563
"60b56747-d1ab-455f-9ba2-c8694b18fa70","","AZ-Replit - Growth Strategy & Operations - Member","Growth Strategy & Operations",17.0924,0.0000,0.0000,0.0000,17.0924
"7080e935-0efe-4176-9717-ba64f09a0833","","AZ-Replit - Talent and Learning - Member","Talent and Learning",17.0637,0.0000,0.0000,0.0000,17.0637
"a47998c4-9cfe-4fec-a92f-ef09f462c253","","AZ-Replit - Growth Strategy & Operations - Member","Growth Strategy & Operations",17.0635,0.0000,0.0000,0.0000,17.0635
"59ad977a-fdbf-4198-be57-677378552052","","AZ-Replit - Comcast Advertising - Member","Comcast Advertising",16.9707,0.0000,0.0000,0.0000,16.9707
"5966f2d6-fa11-4883-9724-efe28d9a3a22","","AZ-Replit - Finance - Member","Finance",16.7991,0.0000,0.0000,0.0000,16.7991
"f21013b8-bf38-4884-9273-c5bb46661d9c","","AZ-Replit - Growth Strategy & Operations - Member","Growth Strategy & Operations",16.7971,0.0000,0.0000,0.0000,16.7971
"85a307e4-bc1d-4213-aa58-4183b2bb0152","","AZ-Replit - GPO Creative Services - Member","GPO Creative Services",16.7883,0.0000,0.0000,0.0000,16.7883
"970ae863-952b-480b-8178-e6d338e2e5df","","AZ-Replit - GPO CTS - Member","GPO CTS",16.7649,0.0000,0.0000,0.0000,16.7649
"a8652318-b192-45ad-ab80-71ef8a7757da","","AZ-Replit - GPO CTS - Member","GPO CTS",16.7425,0.0000,0.0000,0.0000,16.7425
"0b6a48cc-12fb-4f3c-8407-312511cbfc41","","AZ-Replit - Growth Strategy & Operations - Member","Growth Strategy & Operations",16.7206,0.0000,0.0000,0.0000,16.7206
"ff5e8929-bf2a-4b0a-b2d6-28876feeb3d1","","AZ-Replit - Finance - Admin","Finance",16.6508,0.0000,0.0000,0.0000,16.6508
"495b96c0-140e-4305-b077-cc261c12e942","","AZ-Replit - GPO Creative Services - Member","GPO Creative Services",16.6475,0.0000,0.0000,0.0000,16.6475
"c387aab2-e42a-4e56-9ae5-226a80a4eeae","","AZ-Replit - GPO Creative Services - Member","GPO Creative Services",16.6439,0.0000,0.0000,0.0000,16.6439
"29424538-22d4-499f-9458-f806e1a05bb9","","AZ-Replit - Corporate Communications - Admin; AZ-Replit - Corporate Communications - Member","Corporate Communications",16.5821,0.0000,0.0000,0.0000,16.5821
"5fb2e46e-4de5-46cb-9834-63396530a128","","AZ-Replit - Growth Strategy & Operations - Member","Growth Strategy & Operations",16.2971,0.0000,0.0000,0.0000,16.2971
"9feccf0f-1f3f-4904-aac1-4374a2e6851c","","AZ-Replit - GPO Creative Services - Member","GPO Creative Services",16.2461,0.0000,0.0000,0.0000,16.2461
"651fe62a-c58e-4e49-8b15-403f4b4cb8a9","","AZ-Replit - Comcast Business Customer Solutions - Member","Comcast Business Consumer Solutions",16.1975,0.0000,0.0000,0.0000,16.1975
"bd7362d8-c9ad-45c5-9050-5026a4f5115e","","AZ-Replit - GPO Connected Living - Member","GPO Connected Living",16.0733,0.0000,0.0000,0.0000,16.0733
"608f8ac6-eaef-4911-9de7-1e5e73b0d94f","","AZ-Replit - Growth Strategy & Operations - Member","Growth Strategy & Operations",16.0399,0.0000,0.0000,0.0000,16.0399
"d489da9d-2715-424d-a73f-64cdf495de4c","","AZ-Replit - Comcast Business Marketing - Viewer","Comcast Business Marketing",15.8677,0.0000,0.0000,0.0000,15.8677
"11a5ffe4-c9d9-4ac2-9bd7-71df41fecf4c","","AZ-Replit - Comcast Business Customer Solutions - Admin","Comcast Business Consumer Solutions",15.8096,0.0000,0.0000,0.0000,15.8096
"df7be7fa-a3ca-4984-b5e1-75c5522797a8","","AZ-Replit - GPO CTS - Viewer","GPO CTS",15.6593,0.0000,0.0000,0.0000,15.6593
"af52e826-4e44-48ca-8e9b-6945be1af57e","","AZ-Replit - EBI Enterprise Analytics - Member","EBI Enterprise Analytics",15.5420,0.0000,0.0000,0.0000,15.5420
"ecd572b4-60f1-4170-825e-69316652caf9","","AZ-Replit - HR Compensation - Admin; AZ-Replit - HR Compensation - Member","HR Compensation",15.4878,0.0000,0.0000,0.0000,15.4878
"114cc906-2bf5-435e-b745-fd64acd3c7b9","","AZ-Replit - Growth Strategy & Operations - Member","Growth Strategy & Operations",15.4594,0.0000,0.0000,0.0000,15.4594
"ac90cb05-5bae-4c50-9354-eb03ae256e9c","","AZ-Replit - TPX IT - Member","TPX IT",15.4313,0.0000,0.0000,0.0000,15.4313
"ad763bdd-8183-4ddf-b19a-a8cd02e9bd6e","","AZ-Replit - Growth CXSO Account Mgmt - Member","Growth CXSO Account Mgmt",15.4239,0.0000,0.0000,0.0000,15.4239
"b0c2d8cf-20bf-4af4-98e7-13184d9d1ac1","","AZ-Replit - Growth Xfinity Consumer Product Marketing - Admin","Growth Xfinity Consumer Product Marketing",15.4088,0.0000,0.0000,0.0000,15.4088
"65ccdba9-bbfa-4c82-b5b8-fa4d87c2a740","","AZ-Replit - Growth Strategy & Operations - Member","Growth Strategy & Operations",15.4014,0.0000,0.0000,0.0000,15.4014
"b6fd7cf5-aebb-4d81-8557-8979db34457b","","AZ-Replit - Talent and Learning - Member","Talent and Learning",15.3288,0.0000,0.0000,0.0000,15.3288
"f9cfe455-d50a-4f43-a4d4-f794e7dc80b3","","AZ-Replit - HR Compensation - Admin; AZ-Replit - HR Compensation - Member","HR Compensation",15.2795,0.0000,0.0000,0.0000,15.2795
"1a6cf316-0546-4094-9d08-c67d2ed76b2c","","AZ-Replit - Growth CXSO Account Mgmt - Admin; AZ-Replit - Growth CXSO Account Mgmt - Member","Growth CXSO Account Mgmt",15.1647,0.0000,0.0000,0.0000,15.1647
"8e871301-5259-4dd4-ac59-243dc63ed981","","AZ-Replit - Finance - Member","Finance",15.1632,0.0000,0.0000,0.0000,15.1632
"f270314f-1191-42cc-9f86-28b0a5e77833","","AZ-Replit - Finance - Member","Finance",15.1042,0.0000,0.0000,0.0000,15.1042
"ca7f457a-3d84-460f-bb4c-3da9d53e8c21","","AZ-Replit - GPO Connected Living - Member","GPO Connected Living",15.0780,0.0000,0.0000,0.0000,15.0780
"bcf931ac-e51a-42d5-a640-66f27b435f00","","AZ-Replit - Comcast Advertising - Member","Comcast Advertising",14.9508,0.0000,0.0000,0.0000,14.9508
"73e3d39e-1882-4b3f-93a6-42a988c326d5","","AZ-Replit - Comcast Business Customer Solutions - Member","Comcast Business Consumer Solutions",14.9415,0.0000,0.0000,0.0000,14.9415
"9ee3905d-ce61-4c67-b900-bc7ce4b66ac1","","AZ-Replit - GPO Creative Services - Admin; AZ-Replit - GPO Creative Services - Member","GPO Creative Services",14.9263,0.0000,0.0000,0.0000,14.9263
"13eb2a9c-e75a-4134-aa90-8786d015aadf","","AZ-Replit - Comcast Business Customer Solutions - Member","Comcast Business Consumer Solutions",14.9249,0.0000,0.0000,0.0000,14.9249
"a0eadce8-a1a9-4349-af03-a5fbb4e38312","","AZ-Replit - Comcast Business Customer Solutions - Member; AZ-Replit - Comcast Business Customer Solutions - Viewer","Comcast Business Consumer Solutions",14.8709,0.0000,0.0000,0.0000,14.8709
"3cff2500-d3f2-4774-a555-f27a413ca4e4","","AZ-Replit - PREPROD-Admins; AZ-Replit - Strategic Development LIFT Labs - Admin; AZ-Replit - Strategic Development LIFT Labs - Member; AZ-Replit - Strategic Development Mosaic - Admin; AZ-Replit - Strategic Development Mosaic - Member","Strategic Development LIFT Labs; Strategic Development Mosaic",14.7361,0.0000,0.0000,0.0000,14.7361
"6430a50a-c7ea-454e-b05d-4b006623c357","","AZ-Replit - Finance - Admin","Finance",14.7146,0.0000,0.0000,0.0000,14.7146
"c21129ee-9999-4a86-9c08-455d4e80a261","","AZ-Replit - EBI Enterprise Analytics - Member","EBI Enterprise Analytics",14.6550,0.0000,0.0000,0.0000,14.6550
"9cee32b7-b31e-421b-9b3d-95934d2a3a17","","AZ-Replit - Comcast Advertising - Member","Comcast Advertising",14.6304,0.0000,0.0000,0.0000,14.6304
"6ed20179-4236-43f9-8f5e-c9d3e82086ee","","AZ-Replit - Growth Strategy & Operations - Member","Growth Strategy & Operations",14.5590,0.0000,0.0000,0.0000,14.5590
"3a709434-ac49-480f-a524-10963c332a5f","","AZ-Replit - HR Compensation - Admin; AZ-Replit - HR Compensation - Member","HR Compensation",14.5453,0.0000,0.0000,0.0000,14.5453
"bef48dc3-8edd-4413-8876-b9429efdfaa4","","AZ-Replit - Strategic Development LIFT Labs - Member","Strategic Development LIFT Labs",14.4903,0.0000,0.0000,0.0000,14.4903
"3de01651-ef24-48fd-83a7-dc5cf1f5c88d","","AZ-Replit - Growth Strategy & Operations - Member","Growth Strategy & Operations",14.3007,0.0000,0.0000,0.0000,14.3007
"d8f9ba85-8e26-49a9-a4cf-a00b31e467e8","","AZ-Replit - GPO Creative Services - Admin; AZ-Replit - GPO Creative Services - Member","GPO Creative Services",14.2819,0.0000,0.0000,0.0000,14.2819
"85718e45-5472-4ff4-98da-353ca48bdb5e","","AZ-Replit - Corporate Communications - Admin","Corporate Communications",14.2142,0.0000,0.0000,0.0000,14.2142
"c5bc1d4e-a348-4101-a370-cbb8db90d771","","AZ-Replit - Growth Strategy & Operations - Member","Growth Strategy & Operations",14.1982,0.0000,0.0000,0.0000,14.1982
"874ce9e7-45ab-4761-ac12-efdea99256fa","","AZ-Replit - Comcast Advertising - Member","Comcast Advertising",14.1875,0.0000,0.0000,0.0000,14.1875
"74bd2b33-8fb2-4408-95f0-574870816e23","","AZ-Replit - Comcast Business Customer Solutions - Member","Comcast Business Consumer Solutions",14.1632,0.0000,0.0000,0.0000,14.1632
"03b5af23-5c6f-498f-bf2d-f598be5de532","","AZ-Replit - Comcast Business Marketing - Member","Comcast Business Marketing",14.0593,0.0000,0.0000,0.0000,14.0593
"90b14068-1000-4f77-b745-fcd7f6efc598","","AZ-Replit - Growth Strategy & Operations - Admin","Growth Strategy & Operations",13.8906,0.0000,0.0000,0.0000,13.8906
"bb62c151-9b78-4f52-934e-1f03609e297a","","AZ-Replit - Growth MDU - Admin","Growth MDU",13.8380,0.0000,0.0000,0.0000,13.8380
"1f70874e-f5de-4e37-ac46-598f387ec95e","","AZ-Replit - Wireless - Member","Wireless",13.8301,0.0000,0.0000,0.0000,13.8301
"3de10151-734e-4bce-8170-cffabcb911a9","","AZ-Replit - GPO CTS - Admin; AZ-Replit - GPO Connected Living - Admin; AZ-Replit - GPO Creative Services - Admin","GPO CTS; GPO Connected Living; GPO Creative Services",13.7897,0.0000,0.0000,0.0000,13.7897
"c0fff92f-32dc-451a-a421-bdcc36b2e47a","","AZ-Replit - HR Compensation - Admin; AZ-Replit - HR Compensation - Member","HR Compensation",13.6765,0.0000,0.0000,0.0000,13.6765
"7d8d27f9-6101-4ca7-bb46-2d962f41f939","","AZ-Replit - EBI Enterprise Analytics - Member","EBI Enterprise Analytics",13.6302,0.0000,0.0000,0.0000,13.6302
"14a0c9ce-7753-41ef-bc58-34847016a688","","AZ-Replit - Comcast Business Marketing - Member","Comcast Business Marketing",13.6270,0.0000,0.0000,0.0000,13.6270
"60eba6de-2b9b-414a-95d3-150e94e0b90b","","AZ-Replit - GPO CTS - Member","GPO CTS",13.4805,0.0000,0.0000,0.0000,13.4805
"7c6225cc-4dca-4027-a8e7-75ea2484db57","","AZ-Replit - Strategic Development LIFT Labs - Member","Strategic Development LIFT Labs",13.4578,0.0000,0.0000,0.0000,13.4578
"d18cbe34-48f0-4416-8b54-7298ef5c9a7c","","AZ-Replit - Comcast Business Marketing - Member","Comcast Business Marketing",13.3789,0.0000,0.0000,0.0000,13.3789
"afb9aa92-08f6-4682-9746-51ae3f0a1926","","AZ-Replit - Growth Xfinity Consumer Product Marketing - Admin","Growth Xfinity Consumer Product Marketing",13.3037,0.0000,0.0000,0.0000,13.3037
"13045920-aab3-4f2f-9671-3fb4ae4e2660","","AZ-Replit - Finance - Admin","Finance",13.2673,0.0000,0.0000,0.0000,13.2673
"5a2baecb-88ac-4ac5-b914-a564a887c19f","","AZ-Replit - Comcast Business Marketing - Member","Comcast Business Marketing",13.2455,0.0000,0.0000,0.0000,13.2455
"15d45261-3479-440b-81fa-ee0807d75782","","AZ-Replit - Comcast Business Customer Solutions - Member","Comcast Business Consumer Solutions",13.2322,0.0000,0.0000,0.0000,13.2322
"2d3d2c65-642a-45a4-8903-a875e43c862a","","AZ-Replit - Comcast Advertising - Member","Comcast Advertising",13.2280,0.0000,0.0000,0.0000,13.2280
"7b345379-b65f-4a3b-bf59-5dcce1005c7f","","AZ-Replit - GPO Connected Living - Member","GPO Connected Living",13.1105,0.0000,0.0000,0.0000,13.1105
"b3202f4f-b842-4276-b5aa-5ce89c04b105","","AZ-Replit - GPO Connected Living - Member","GPO Connected Living",13.0069,0.0000,0.0000,0.0000,13.0069
"253cb002-c1c1-47ef-8255-4cfb60bdfcc4","","AZ-Replit - GPO CTS - Member","GPO CTS",12.9921,0.0000,0.0000,0.0000,12.9921
"35bf4d90-02e8-4e70-b625-6e970cddf268","","AZ-Replit - GPO CTS - Member","GPO CTS",12.9515,0.0000,0.0000,0.0000,12.9515
"b5df95fd-6673-44c2-9a28-64ab3754cf91","","AZ-Replit - Finance - Admin","Finance",12.9235,0.0000,0.0000,0.0000,12.9235
"63d5eed1-3535-4251-b8d6-87896ef0d853","","AZ-Replit - Comcast Business Marketing - Member","Comcast Business Marketing",12.9213,0.0000,0.0000,0.0000,12.9213
"85b29634-5d3b-46cc-9986-9a36cb4ea6d5","","AZ-Replit - Growth Strategy & Operations - Member","Growth Strategy & Operations",12.8591,0.0000,0.0000,0.0000,12.8591
"57ceff8f-6f00-45b6-b18f-96b3728eae22","","AZ-Replit - Growth Strategy & Operations - Member","Growth Strategy & Operations",12.7754,0.0000,0.0000,0.0000,12.7754
"28b89147-c0af-4336-8ad0-a6e0341971ad","","AZ-Replit - Talent and Learning - Member","Talent and Learning",12.7630,0.0000,0.0000,0.0000,12.7630
"243d6826-bd44-456d-a8d3-15ad7fb114ac","","AZ-Replit - GPO Creative Services - Member","GPO Creative Services",12.7554,0.0000,0.0000,0.0000,12.7554
"96d0bd3c-076b-4651-abf1-3025ba528a35","","AZ-Replit - EBI Enterprise Analytics - Member","EBI Enterprise Analytics",12.6825,0.0000,0.0000,0.0000,12.6825
"507cd450-674b-4b71-9fb9-12fe83ad6ea6","","AZ-Replit - GPO CTS - Viewer","GPO CTS",12.5764,0.0000,0.0000,0.0000,12.5764
"c826987b-bc8e-4ebf-b3ca-a5b22bbbf674","","AZ-Replit - GPO Connected Living - Member","GPO Connected Living",12.5608,0.0000,0.0000,0.0000,12.5608
"6fc02cfb-bfdf-47e5-b20e-70c274172d06","","AZ-Replit - Finance - Member","Finance",12.5369,0.0000,0.0000,0.0000,12.5369
"bb63af9b-c950-4cff-b3da-27e77ed07dc3","","AZ-Replit - Growth Xfinity Consumer Product Marketing - Admin","Growth Xfinity Consumer Product Marketing",12.5287,0.0000,0.0000,0.0000,12.5287
"ffe35fc0-5655-4868-99bd-b6c879e98d21","","AZ-Replit - GPO Connected Living - Member","GPO Connected Living",12.4913,0.0000,0.0000,0.0000,12.4913
"e4247279-e2f9-4d60-bb7c-8d506f5dc5de","","AZ-Replit - Growth Strategy & Operations - Member","Growth Strategy & Operations",12.3989,0.0000,0.0000,0.0000,12.3989
"c292edc6-d3c1-49f5-b3f0-e5f1c7cb6379","","AZ-Replit - GPO Connected Living - Admin","GPO Connected Living",12.3789,0.0000,0.0000,0.0000,12.3789
"14a31b32-aaac-4809-9826-20ec3ae1c197","","AZ-Replit - GPO CTS - Viewer","GPO CTS",12.3506,0.0000,0.0000,0.0000,12.3506
"f3c8ded9-a5ec-49f3-a7b7-67b4328d9451","","AZ-Replit - Comcast Business Marketing - Admin; AZ-Replit - Comcast Business Marketing - Member","Comcast Business Marketing",12.3059,0.0000,0.0000,0.0000,12.3059
"f5c52ee9-8012-47ec-b8e1-f32237735400","","AZ-Replit - GPO Creative Services - Member","GPO Creative Services",12.2100,0.0000,0.0000,0.0000,12.2100
"020aa653-6b6d-4804-8c24-e04b3a73d59a","","AZ-Replit - Finance - Viewer","Finance",12.1719,0.0000,0.0000,0.0000,12.1719
"ba39c287-98da-4ddc-a46e-7e46a7a36530","","AZ-Replit - Growth Strategy & Operations - Member","Growth Strategy & Operations",11.9850,0.0000,0.0000,0.0000,11.9850
"5905de36-2c08-49e0-a5e5-5deba71b1d58","","AZ-Replit - Growth Strategy & Operations - Member","Growth Strategy & Operations",11.9647,0.0000,0.0000,0.0000,11.9647
"3214443b-d813-41e6-ac8d-a48a41a0d18b","","AZ-Replit - Growth Xfinity Consumer Product Marketing - Admin","Growth Xfinity Consumer Product Marketing",11.9433,0.0000,0.0000,0.0000,11.9433
"642dce7f-69b6-4aef-ba6a-b7266fbc1234","","AZ-Replit - GPO Connected Living - Member","GPO Connected Living",11.9331,0.0000,0.0000,0.0000,11.9331
"aa8a98a9-f5d1-43a4-a9d6-8fad990077f4","","AZ-Replit - Talent and Learning - Member","Talent and Learning",11.9151,0.0000,0.0000,0.0000,11.9151
"228b926b-e6c1-4044-9d48-817eef5bbb6b","","AZ-Replit - Talent and Learning - Member","Talent and Learning",11.8715,0.0000,0.0000,0.0000,11.8715
"14019755-9855-4129-b020-d1c77b51904e","","AZ-Replit - Corporate Communications - Member","Corporate Communications",11.8285,0.0000,0.0000,0.0000,11.8285
"cca8b61e-6803-4694-8a87-91171a54afef","","AZ-Replit - GPO Creative Services - Member","GPO Creative Services",11.7921,0.0000,0.0000,0.0000,11.7921
"177cf030-f912-44a5-ae5c-51a7b1dad5f9","","AZ-Replit - Comcast Advertising - Member","Comcast Advertising",11.6205,0.0000,0.0000,0.0000,11.6205
"f552dafb-73e8-4eee-b8d1-02f2bee030d0","","AZ-Replit - Strategic Development LIFT Labs - Member","Strategic Development LIFT Labs",11.5792,0.0000,0.0000,0.0000,11.5792
"369b1d21-3e9f-42e7-97ac-80f887c48d34","","AZ-Replit - Comcast Advertising - Member","Comcast Advertising",11.5570,0.0000,0.0000,0.0000,11.5570
"6ffe6faa-fac8-4120-952f-3bfdff757fa3","","AZ-Replit - GPO CTS - Member","GPO CTS",11.4820,0.0000,0.0000,0.0000,11.4820
"b771673d-1987-4c20-a2b2-35e144a7fcbf","","AZ-Replit - Finance - Member","Finance",11.4636,0.0000,0.0000,0.0000,11.4636
"cf9418db-3cb7-47b8-952d-b5f5a7eb1802","","AZ-Replit - GPO Creative Services - Member","GPO Creative Services",11.4629,0.0000,0.0000,0.0000,11.4629
"e9cab8a5-9e6f-4d26-b476-19b19064e6d1","","AZ-Replit - Growth Xfinity Consumer Product Marketing - Admin","Growth Xfinity Consumer Product Marketing",11.4500,0.0000,0.0000,0.0000,11.4500
"082786d0-753b-4b28-a6a7-5f128cd6fb8f","","AZ-Replit - GPO Connected Living - Member","GPO Connected Living",11.3145,0.0000,0.0000,0.0000,11.3145
"370c26f9-7702-43c7-872f-e2178586b692","","AZ-Replit - Growth Strategy & Operations - Member","Growth Strategy & Operations",11.3029,0.0000,0.0000,0.0000,11.3029
"8bcc0424-9095-4606-8e4c-dfcdc9f480e6","","AZ-Replit - GPO Connected Living - Admin","GPO Connected Living",11.2895,0.0000,0.0000,0.0000,11.2895
"8011a161-c376-4969-ad0f-b0e07a23f17e","","AZ-Replit - GPO CTS - Member","GPO CTS",11.2305,0.0000,0.0000,0.0000,11.2305
"53d707d5-667d-4849-8db8-133f5771fba6","","AZ-Replit - Growth Xfinity Consumer Product Marketing - Admin","Growth Xfinity Consumer Product Marketing",11.2190,0.0000,0.0000,0.0000,11.2190
"40092338-b380-4796-9ea2-e41f0c5c3104","","AZ-Replit - GPO Connected Living - Member","GPO Connected Living",11.2158,0.0000,0.0000,0.0000,11.2158
"628ed702-9276-4f1f-97be-1abe663f3e50","","AZ-Replit - Finance - Member","Finance",11.1850,0.0000,0.0000,0.0000,11.1850
"9f5b9d53-a8aa-4f4f-bdf6-a076eb7621aa","","AZ-Replit - Finance - Admin","Finance",11.1053,0.0000,0.0000,0.0000,11.1053
"11d3830d-d000-450b-b654-9353f4f1ccd6","","AZ-Replit - Corporate Communications - Member","Corporate Communications",11.0918,0.0000,0.0000,0.0000,11.0918
"79c3d596-4234-4934-8b6e-f6e3728bcd5b","","AZ-Replit - Wireless - Member","Wireless",11.0715,0.0000,0.0000,0.0000,11.0715
"f4bcfd1f-a3c7-41e2-b98c-faae1e1cc5e3","","AZ-Replit - Corporate Communications - Member","Corporate Communications",11.0169,0.0000,0.0000,0.0000,11.0169
"e202473e-ae81-43a4-b2fd-2405e2cb60ad","","AZ-Replit - Talent and Learning - Member","Talent and Learning",11.0138,0.0000,0.0000,0.0000,11.0138
"8c99a2e7-c581-4a31-9571-b9f0804515d5","","AZ-Replit - GPO Connected Living - Member","GPO Connected Living",11.0135,0.0000,0.0000,0.0000,11.0135
"70870ec5-6ee6-4d3c-9cd1-1e5b1d797ff8","","AZ-Replit - GPO Creative Services - Member","GPO Creative Services",10.9777,0.0000,0.0000,0.0000,10.9777
"41942182-8be8-4d13-9c16-b6e76691e2c4","","AZ-Replit - Growth Xfinity Consumer Product Marketing - Admin","Growth Xfinity Consumer Product Marketing",10.9303,0.0000,0.0000,0.0000,10.9303
"9e7533de-095c-45c2-a59d-a0d2022f72ad","","AZ-Replit - Finance - Admin","Finance",10.9102,0.0000,0.0000,0.0000,10.9102
"f6279daa-4b23-4170-bf4a-64cfe6b02e74","","AZ-Replit - Finance - Admin","Finance",10.8590,0.0000,0.0000,0.0000,10.8590
"b1870cad-bdd2-45b0-982b-5d132319f58f","","AZ-Replit - Comcast Business Marketing - Member","Comcast Business Marketing",10.8524,0.0000,0.0000,0.0000,10.8524
"2ec668c4-479b-4e36-904f-057e357e34a5","","AZ-Replit - Growth CXSO Account Mgmt - Member","Growth CXSO Account Mgmt",10.8355,0.0000,0.0000,0.0000,10.8355
"b1333b4e-7174-466b-891b-313ce837e8b1","","AZ-Replit - GPO Creative Services - Admin; AZ-Replit - GPO Creative Services - Member","GPO Creative Services",10.7932,0.0000,0.0000,0.0000,10.7932
"6f31edde-682c-44b7-bcf1-6ccd01b3c778","","AZ-Replit - Comcast Business Customer Solutions - Member","Comcast Business Consumer Solutions",10.7602,0.0000,0.0000,0.0000,10.7602
"766115c4-86a2-4600-aba1-75dea52d926e","","AZ-Replit - Corporate Communications - Member","Corporate Communications",10.7214,0.0000,0.0000,0.0000,10.7214
"71e02e93-ddf6-4d28-9a6d-9e2f7447058f","","AZ-Replit - Growth Strategy & Operations - Member","Growth Strategy & Operations",10.7054,0.0000,0.0000,0.0000,10.7054
"ca6a279d-66f7-429e-a82a-712db20ac54c","","AZ-Replit - GPO Connected Living - Admin","GPO Connected Living",10.6689,0.0000,0.0000,0.0000,10.6689
"d23c07c3-6818-4fa8-84e0-8b46dcdcc129","","AZ-Replit - Talent and Learning - Member","Talent and Learning",10.6272,0.0000,0.0000,0.0000,10.6272
"51d2efd4-3e13-4d35-895d-b00e413ed2c2","","AZ-Replit - Comcast Business Customer Solutions - Member","Comcast Business Consumer Solutions",10.6062,0.0000,0.0000,0.0000,10.6062
"702e2996-61a7-41ff-9e16-22d36e6cf236","","AZ-Replit - Finance - Member","Finance",10.5496,0.0000,0.0000,0.0000,10.5496
"7bb61e4c-1da9-48bb-a71c-bce01984441b","","AZ-Replit - Growth MDU - Admin","Growth MDU",10.5019,0.0000,0.0000,0.0000,10.5019
"f2fab5aa-8c41-42ff-9c7a-2dfc67740552","","AZ-Replit - GPO Connected Living - Viewer","GPO Connected Living",10.4534,0.0000,0.0000,0.0000,10.4534
"189fff67-2b38-4c08-aacd-8600d8df5d10","","AZ-Replit - GPO CTS - Member","GPO CTS",10.4071,0.0000,0.0000,0.0000,10.4071
"0efeb61f-bc6f-47bd-a7d9-5650475d8d10","","AZ-Replit - Comcast Business Marketing - Member","Comcast Business Marketing",10.3780,0.0000,0.0000,0.0000,10.3780
"ab2024ca-bfe5-4d11-a051-c38f487a7caf","","AZ-Replit - GPO Creative Services - Member","GPO Creative Services",10.3707,0.0000,0.0000,0.0000,10.3707
"af63b086-0deb-4ced-a573-d99cef8ea48a","","AZ-Replit - Corporate Communications - Admin; AZ-Replit - Corporate Communications - Member","Corporate Communications",10.3566,0.0000,0.0000,0.0000,10.3566
"950523d2-4583-4448-9f1c-eecbe652282c","","AZ-Replit - Growth Strategy & Operations - Member","Growth Strategy & Operations",10.3185,0.0000,0.0000,0.0000,10.3185
"ffb2eb77-e3de-40d7-9540-f43617d27566","","AZ-Replit - Growth CXSO Account Mgmt - Member","Growth CXSO Account Mgmt",10.2997,0.0000,0.0000,0.0000,10.2997
"d30b88de-01bf-4038-bdfa-152920431ddb","","AZ-Replit - Finance - Admin","Finance",10.2942,0.0000,0.0000,0.0000,10.2942
"089b6a27-c7a1-42a6-84d4-6c8110c43b45","","AZ-Replit - EBI Enterprise Analytics - Member","EBI Enterprise Analytics",10.2891,0.0000,0.0000,0.0000,10.2891
"6fab77b7-5d92-46b1-bced-ef01c665b05e","","AZ-Replit - Growth Strategy & Operations - Member","Growth Strategy & Operations",10.2792,0.0000,0.0000,0.0000,10.2792
"d7f781b0-031e-46ec-838d-70d510813cd3","","AZ-Replit - Comcast Business Customer Solutions - Member","Comcast Business Consumer Solutions",10.2694,0.0000,0.0000,0.0000,10.2694
"b8cde000-5de1-494a-b22d-b8a9003961b7","","AZ-Replit - GPO Connected Living - Member","GPO Connected Living",10.2608,0.0000,0.0000,0.0000,10.2608
"8998da80-ea73-4d05-a7f0-43b5eb9fbdfe","","AZ-Replit - EBI Enterprise Analytics - Member","EBI Enterprise Analytics",10.2362,0.0000,0.0000,0.0000,10.2362
"9b91cc7a-d79a-404f-a908-a8fd53064b15","","AZ-Replit - Comcast Business Customer Solutions - Member","Comcast Business Consumer Solutions",10.2273,0.0000,0.0000,0.0000,10.2273
"ea2d1323-4f45-4c6d-a1f2-3d6cef095692","","AZ-Replit - GPO CTS - Admin; AZ-Replit - GPO CTS - Member","GPO CTS",10.1961,0.0000,0.0000,0.0000,10.1961
"4b2f8553-4392-40b8-a7c0-224dd0993e83","","AZ-Replit - GPO Connected Living - Member","GPO Connected Living",10.1877,0.0000,0.0000,0.0000,10.1877
"d1a92720-70f2-4dc0-94d5-84a998efde00","","AZ-Replit - GPO Creative Services - Member","GPO Creative Services",10.1634,0.0000,0.0000,0.0000,10.1634
"e8ccacee-9819-40ac-8920-5288f2e5b275","","AZ-Replit - Comcast Advertising - Member","Comcast Advertising",10.0821,0.0000,0.0000,0.0000,10.0821
"072d7edd-d15d-48ef-928c-3b858cf03934","","AZ-Replit - HR Compensation - Member","HR Compensation",10.0511,0.0000,0.0000,0.0000,10.0511
"85b79a32-e835-4177-b612-7f80560f97d4","","AZ-Replit - Comcast Business Customer Solutions - Member","Comcast Business Consumer Solutions",9.8731,0.0000,0.0000,0.0000,9.8731
"bb3a57de-0cb2-4047-ae9c-b9e7ab14e367","","AZ-Replit - GPO CTS - Member","GPO CTS",9.8600,0.0000,0.0000,0.0000,9.8600
"23fbeefa-a964-476d-905d-d1a4f720da15","","AZ-Replit - Comcast Advertising - Member","Comcast Advertising",9.8302,0.0000,0.0000,0.0000,9.8302
"83365e0a-69ab-43fa-ade5-737ca9cf21f4","","AZ-Replit - Strategic Development LIFT Labs - Member","Strategic Development LIFT Labs",9.8126,0.0000,0.0000,0.0000,9.8126
"46edefeb-f992-45bd-98d3-4fefe14924e3","","AZ-Replit - Comcast Business Customer Solutions - Member","Comcast Business Consumer Solutions",9.8016,0.0000,0.0000,0.0000,9.8016
"9c0820c5-61d8-426b-bc4d-d0f0a97d5fa2","","AZ-Replit - GPO Creative Services - Member","GPO Creative Services",9.7950,0.0000,0.0000,0.0000,9.7950
"1b4bd02a-5d18-46cf-8b30-0f2b4aa2c217","","AZ-Replit - Growth CXSO Account Mgmt - Member","Growth CXSO Account Mgmt",9.7361,0.0000,0.0000,0.0000,9.7361
"0188af6a-6403-41c7-ba6d-d61a39999101","","AZ-Replit - Comcast Business Customer Solutions - Member","Comcast Business Consumer Solutions",9.7105,0.0000,0.0000,0.0000,9.7105
"ea9e9d3d-e11f-4481-b603-649ec30cc94f","","AZ-Replit - PREPROD-Admins; AZ-Replit - Strategic Development LIFT Labs - Admin; AZ-Replit - Strategic Development LIFT Labs - Member","Strategic Development LIFT Labs",9.7067,0.0000,0.0000,0.0000,9.7067
"63790f9c-6928-4d26-ad16-415da5d28d59","","AZ-Replit - Comcast Business Customer Solutions - Member","Comcast Business Consumer Solutions",9.7042,0.0000,0.0000,0.0000,9.7042
"2af4a83c-14bc-462d-8cda-1aad529b9757","","AZ-Replit - Comcast Business Customer Solutions - Member","Comcast Business Consumer Solutions",9.6948,0.0000,0.0000,0.0000,9.6948
"bf16a84e-9a77-4d58-b9fb-402c1846b096","","AZ-Replit - Comcast Business Customer Solutions - Member","Comcast Business Consumer Solutions",9.6763,0.0000,0.0000,0.0000,9.6763
"f6cc9e8c-3476-4571-a30f-5e324cd30fb5","","AZ-Replit - EBI Enterprise Analytics - Member","EBI Enterprise Analytics",9.6471,0.0000,0.0000,0.0000,9.6471
"81a6523c-de1e-45eb-b369-f28a47b4e6bd","","AZ-Replit - Comcast Advertising - Member","Comcast Advertising",9.5808,0.0000,0.0000,0.0000,9.5808
"01f702c8-291e-4b5d-a3fb-2feabe62babc","","AZ-Replit - GPO Connected Living - Member","GPO Connected Living",9.5693,0.0000,0.0000,0.0000,9.5693
"e857a16d-0e93-4048-9619-5a4f5356f32b","","AZ-Replit - Growth Strategy & Operations - Member","Growth Strategy & Operations",9.5425,0.0000,0.0000,0.0000,9.5425
"43dfe83b-5950-460a-8df5-6c359d5736ce","","AZ-Replit - Comcast Business Customer Solutions - Member","Comcast Business Consumer Solutions",9.4806,0.0000,0.0000,0.0000,9.4806
"d08c683d-79cd-42c0-abb4-fcb804969577","","AZ-Replit - Comcast Business Customer Solutions - Member","Comcast Business Consumer Solutions",9.4056,0.0000,0.0000,0.0000,9.4056
"8e9607f9-bf4e-4935-b44d-8f2d02fc8021","","AZ-Replit - Growth Strategy & Operations - Member","Growth Strategy & Operations",9.3101,0.0000,0.0000,0.0000,9.3101
"7d5d748b-0fd7-40bb-9145-74fc73207031","","AZ-Replit - Finance - Admin","Finance",9.3092,0.0000,0.0000,0.0000,9.3092
"e28e5d27-1150-4b7d-a3c3-05d2df4adb04","","AZ-Replit - EBI Enterprise Analytics - Member","EBI Enterprise Analytics",9.2845,0.0000,0.0000,0.0000,9.2845
"25e38edb-8819-42d6-9132-285c94eac62e","","AZ-Replit - GPO Creative Services - Member","GPO Creative Services",9.2693,0.0000,0.0000,0.0000,9.2693
"2fb05530-464b-4191-975c-1b5b17eb5e7b","","AZ-Replit - Comcast Business Customer Solutions - Member","Comcast Business Consumer Solutions",9.1706,0.0000,0.0000,0.0000,9.1706
"e346768f-c48c-4661-a59d-2326b9f4b999","","AZ-Replit - Growth Strategy & Operations - Member","Growth Strategy & Operations",9.1464,0.0000,0.0000,0.0000,9.1464
"e410c0f5-b05b-4ada-9673-4b8b8f506637","","AZ-Replit - GPO Creative Services - Member","GPO Creative Services",9.1461,0.0000,0.0000,0.0000,9.1461
"472e0f1f-7c0b-4560-bcd9-b07e19fe9a67","","AZ-Replit - GPO Creative Services - Member","GPO Creative Services",9.1264,0.0000,0.0000,0.0000,9.1264
"15e2ebcb-2b98-45bc-9c7e-8dee36a3d8f2","","AZ-Replit - PREPROD-Admins; AZ-Replit - Strategic Development LIFT Labs - Member","Strategic Development LIFT Labs",9.0524,0.0000,0.0000,0.0000,9.0524
"8f994719-97a8-4e13-b1eb-0c1c7ede5b52","","AZ-Replit - Talent and Learning - Member","Talent and Learning",9.0126,0.0000,0.0000,0.0000,9.0126
"a3cb09c4-1527-40ca-88d8-19416b3dbe46","","AZ-Replit - Comcast Business Customer Solutions - Member","Comcast Business Consumer Solutions",8.9977,0.0000,0.0000,0.0000,8.9977
"2effc90b-32d4-4d8f-894b-0d2bdffd7b1a","","AZ-Replit - Comcast Business Marketing - Member","Comcast Business Marketing",8.9642,0.0000,0.0000,0.0000,8.9642
"84560b66-122e-4069-8903-b2ec89fc1e38","","AZ-Replit - Comcast Business Marketing - Admin; AZ-Replit - Comcast Business Marketing - Member","Comcast Business Marketing",8.9156,0.0000,0.0000,0.0000,8.9156
"1eef4ea1-a12d-4808-9991-653289fb1e2b","","AZ-Replit - Growth Xfinity Consumer Product Marketing - Admin","Growth Xfinity Consumer Product Marketing",8.8208,0.0000,0.0000,0.0000,8.8208
"d54eec17-0e45-446c-a52e-8b99bd3e4f4b","","AZ-Replit - HR Compensation - Member","HR Compensation",8.7741,0.0000,0.0000,0.0000,8.7741
"b1286b71-588d-4766-85e6-68fa773b4767","","AZ-Replit - HR Compensation - Member","HR Compensation",8.6966,0.0000,0.0000,0.0000,8.6966
"1b3e668a-34ba-40a4-abbf-5c732655c96f","","AZ-Replit - Comcast Business Marketing - Member","Comcast Business Marketing",8.6399,0.0000,0.0000,0.0000,8.6399
"f1097e52-ff26-4ccf-85a4-21e85ae1c781","","AZ-Replit - Comcast Advertising - Member","Comcast Advertising",8.5839,0.0000,0.0000,0.0000,8.5839
"944d6f22-ce51-47e6-81c6-2e47c8c9fe52","","AZ-Replit - Finance - Admin","Finance",8.5706,0.0000,0.0000,0.0000,8.5706
"9b8e3786-0e85-4b29-a70e-4b341476d1ad","","AZ-Replit - Growth CXSO Account Mgmt - Admin; AZ-Replit - Growth CXSO Account Mgmt - Member","Growth CXSO Account Mgmt",8.5508,0.0000,0.0000,0.0000,8.5508
"0770d3af-ea5f-407e-9881-d5d3c9267a89","","AZ-Replit - Growth Strategy & Operations - Member","Growth Strategy & Operations",8.4634,0.0000,0.0000,0.0000,8.4634
"9067ee04-81bb-4e7e-9a75-f85b04db8e09","","AZ-Replit - GPO Connected Living - Admin","GPO Connected Living",8.4410,0.0000,0.0000,0.0000,8.4410
"facfc69c-35fd-4999-b860-50514d65a3ce","","AZ-Replit - Finance - Admin","Finance",8.4190,0.0000,0.0000,0.0000,8.4190
"51e5d469-f29f-4c9c-b3d2-c57e8054841a","","AZ-Replit - EBI Enterprise Analytics - Admin","EBI Enterprise Analytics",8.3238,0.0000,0.0000,0.0000,8.3238
"32bc1bdd-0ad3-41ca-bb12-af794f63c869","","AZ-Replit - Corporate Communications - Admin; AZ-Replit - Corporate Communications - Member","Corporate Communications",8.3217,0.0000,0.0000,0.0000,8.3217
"836af0a8-8aa7-454b-a154-7e948c4d7147","","AZ-Replit - Corporate Communications - Member","Corporate Communications",8.2739,0.0000,0.0000,0.0000,8.2739
"31996a13-3712-4830-80f7-6291b2118596","","AZ-Replit - Growth Strategy & Operations - Member","Growth Strategy & Operations",8.1902,0.0000,0.0000,0.0000,8.1902
"01d63a3f-c55c-4542-9d43-fbfdd19319cc","","AZ-Replit - Comcast Business Customer Solutions - Member","Comcast Business Consumer Solutions",8.1866,0.0000,0.0000,0.0000,8.1866
"60daa48f-e5be-411e-b730-92ec76d182fc","","AZ-Replit - Growth Strategy & Operations - Member","Growth Strategy & Operations",8.1366,0.0000,0.0000,0.0000,8.1366
"676697ea-b627-4991-95a8-15e694328f96","","AZ-Replit - Growth MDU - Admin","Growth MDU",8.1305,0.0000,0.0000,0.0000,8.1305
"e3c9939a-8b51-4979-8910-bf1aa66baf78","","AZ-Replit - Growth MDU - Admin","Growth MDU",8.1224,0.0000,0.0000,0.0000,8.1224
"fffcbcf1-ea66-4034-a354-b88555d01576","","AZ-Replit - Comcast Business Customer Solutions - Member","Comcast Business Consumer Solutions",8.0791,0.0000,0.0000,0.0000,8.0791
"292953f3-ec1d-4cd7-84ba-38c760097776","","AZ-Replit - GPO Creative Services - Member","GPO Creative Services",8.0008,0.0000,0.0000,0.0000,8.0008
"6778d750-7966-46e5-a1a5-bf7db647993c","","AZ-Replit - EBI Enterprise Analytics - Member","EBI Enterprise Analytics",7.9095,0.0000,0.0000,0.0000,7.9095
"dcb62231-3ab3-4f7c-963e-73116df7a81c","","AZ-Replit - GPO Connected Living - Member","GPO Connected Living",7.8062,0.0000,0.0000,0.0000,7.8062
"cc08db37-54b6-4a4d-8c62-215fce159ba7","","AZ-Replit - EBI Enterprise Analytics - Member","EBI Enterprise Analytics",7.8049,0.0000,0.0000,0.0000,7.8049
"0839917f-da85-43d3-8756-ca7293909e5b","","AZ-Replit - HR Compensation - Admin; AZ-Replit - HR Compensation - Member","HR Compensation",7.7534,0.0000,0.0000,0.0000,7.7534
"ac30090c-8bcc-42e7-934e-f1c7682590fa","","AZ-Replit - Strategic Development Mosaic - Member","Strategic Development Mosaic",7.7182,0.0000,0.0000,0.0000,7.7182
"43774cd0-3496-48a2-87e0-a24fc3ea0f36","","AZ-Replit - Corporate Communications - Admin; AZ-Replit - Corporate Communications - Member","Corporate Communications",7.6871,0.0000,0.0000,0.0000,7.6871
"842fb058-e8f5-437e-adb9-036b168f3dd0","","AZ-Replit - Comcast Business Customer Solutions - Member","Comcast Business Consumer Solutions",7.6805,0.0000,0.0000,0.0000,7.6805
"627f2459-5a56-4ae9-8a9a-957eafc99f49","","AZ-Replit - Growth Strategy & Operations - Member","Growth Strategy & Operations",7.6605,0.0000,0.0000,0.0000,7.6605
"a3f882a0-5e08-4c07-894d-6a82184058f7","","AZ-Replit - Corporate Communications - Member","Corporate Communications",7.6543,0.0000,0.0000,0.0000,7.6543
"fdf315fd-ae55-4e06-a0d0-3832e40d8034","","AZ-Replit - Finance - Admin","Finance",7.6518,0.0000,0.0000,0.0000,7.6518
"66bdfbc2-8860-41f0-ab74-cd08104a99bc","","AZ-Replit - Growth Strategy & Operations - Member","Growth Strategy & Operations",7.5923,0.0000,0.0000,0.0000,7.5923
"42cd2bb7-e275-4875-baac-deba2b764adf","","AZ-Replit - Comcast Advertising - Member","Comcast Advertising",7.5461,0.0000,0.0000,0.0000,7.5461
"aec524d4-d1c9-43cd-a7e1-5fb57b59f799","","AZ-Replit - Growth Strategy & Operations - Member","Growth Strategy & Operations",7.5080,0.0000,0.0000,0.0000,7.5080
"f16379b1-5bb9-4a4f-81ad-84564eff345f","","AZ-Replit - Growth CXSO Account Mgmt - Admin; AZ-Replit - Growth CXSO Account Mgmt - Member","Growth CXSO Account Mgmt",7.4601,0.0000,0.0000,0.0000,7.4601
"831857d8-55bd-4028-9f09-b1f9c145bc95","","AZ-Replit - Growth Xfinity Consumer Product Marketing - Admin","Growth Xfinity Consumer Product Marketing",7.3862,0.0000,0.0000,0.0000,7.3862
"0580e132-bbd4-4226-aeb8-5b447428c094","","AZ-Replit - GPO Connected Living - Admin","GPO Connected Living",7.3753,0.0000,0.0000,0.0000,7.3753
"5c51dc57-a253-4141-89db-d1b30904bc7f","","AZ-Replit - GPO Connected Living - Member","GPO Connected Living",7.3752,0.0000,0.0000,0.0000,7.3752
"eea0bd13-d78b-482b-8aae-829ba520ca9b","","AZ-Replit - Comcast Business Customer Solutions - Member","Comcast Business Consumer Solutions",7.3563,0.0000,0.0000,0.0000,7.3563
"238877a6-27f6-4e4e-8e51-ceb8fbfaac04","","AZ-Replit - GPO CTS - Viewer","GPO CTS",7.3011,0.0000,0.0000,0.0000,7.3011
"71672336-7d6d-4641-bb57-69fd4922246f","","AZ-Replit - GPO Connected Living - Admin","GPO Connected Living",7.2650,0.0000,0.0000,0.0000,7.2650
"fba30357-741d-4f9f-809e-85fab2e7c593","","AZ-Replit - Growth Strategy & Operations - Member","Growth Strategy & Operations",7.1962,0.0000,0.0000,0.0000,7.1962
"6b414c31-fa33-42bb-841e-0b8b095efd6e","","AZ-Replit - Growth Strategy & Operations - Member","Growth Strategy & Operations",7.1879,0.0000,0.0000,0.0000,7.1879
"43ed699c-6c11-480a-ac62-399775a7a9de","","AZ-Replit - Growth Strategy & Operations - Member","Growth Strategy & Operations",7.1860,0.0000,0.0000,0.0000,7.1860
"bc6c85f4-ece8-46f4-8eda-5c92181d46fa","","AZ-Replit - GPO Creative Services - Member","GPO Creative Services",7.1656,0.0000,0.0000,0.0000,7.1656
"59152592-8e67-4ae7-9e4c-62c44b218ba6","","AZ-Replit - Freewheel - Admin; AZ-Replit - Talent and Learning - Member","Freewheel; Talent and Learning",7.1266,0.0000,0.0000,0.0000,7.1266
"cde42c77-7147-40a5-8048-2d8c2b79d1dc","","AZ-Replit - GPO Creative Services - Member","GPO Creative Services",7.0002,0.0000,0.0000,0.0000,7.0002
"a5ee1e11-6f64-412f-9201-3ad0e29da672","","AZ-Replit - Growth CXSO Account Mgmt - Member","Growth CXSO Account Mgmt",6.9043,0.0000,0.0000,0.0000,6.9043
"23219fc2-5033-44fd-9dd2-2a8b3853a6d2","","AZ-Replit - GPO Creative Services - Member","GPO Creative Services",6.8878,0.0000,0.0000,0.0000,6.8878
"ea06400a-5fb9-47ec-b62a-17c772bf9109","","AZ-Replit - Growth Strategy & Operations - Member","Growth Strategy & Operations",6.8043,0.0000,0.0000,0.0000,6.8043
"0ec38da6-4d99-45b7-817c-3762f9dfeaa1","","AZ-Replit - HR Compensation - Admin; AZ-Replit - HR Compensation - Member","HR Compensation",6.7539,0.0000,0.0000,0.0000,6.7539
"6af52efb-467a-4d54-8658-73ce7a4d8052","","AZ-Replit - GPO Connected Living - Member","GPO Connected Living",6.7202,0.0000,0.0000,0.0000,6.7202
"b772d50a-af82-4855-950f-611ae7b176ad","","AZ-Replit - Finance - Admin","Finance",6.6940,0.0000,0.0000,0.0000,6.6940
"af65ac40-ffef-4dc1-935b-cea63b44cbcd","","AZ-Replit - GPO Connected Living - Viewer","GPO Connected Living",6.6807,0.0000,0.0000,0.0000,6.6807
"131b4b2b-2d16-4e35-b1be-f01310d60f05","","AZ-Replit - Finance - Admin","Finance",6.6608,0.0000,0.0000,0.0000,6.6608
"a10cc3cb-e574-4b4b-99fd-0182e152d98c","","AZ-Replit - PREPROD-Admins; AZ-Replit - Strategic Development LIFT Labs - Admin; AZ-Replit - Strategic Development LIFT Labs - Member; AZ-Replit - Strategic Development Mosaic - Admin; AZ-Replit - Strategic Development Mosaic - Member","Strategic Development LIFT Labs; Strategic Development Mosaic",6.6484,0.0000,0.0000,0.0000,6.6484
"03ad9db9-5bd5-4a2f-b9a4-41b6b847d796","","AZ-Replit - GPO Connected Living - Admin","GPO Connected Living",6.6294,0.0000,0.0000,0.0000,6.6294
"e64f1787-5091-46cf-b1a8-82c134ae72e5","","AZ-Replit - Growth Strategy & Operations - Member","Growth Strategy & Operations",6.5869,0.0000,0.0000,0.0000,6.5869
"2382cbea-7c51-4836-9521-dcf9dd495849","","AZ-Replit - EBI Enterprise Analytics - Member","EBI Enterprise Analytics",6.5630,0.0000,0.0000,0.0000,6.5630
"c0a82ae4-f1ad-4312-aa75-1b9e67a73908","","AZ-Replit - HR Compensation - Member","HR Compensation",6.5417,0.0000,0.0000,0.0000,6.5417
"622c2212-5a72-4d12-8889-d79b8c2999ac","","AZ-Replit - Freewheel - Admin; AZ-Replit - Talent and Learning - Member","Freewheel; Talent and Learning",6.5078,0.0000,0.0000,0.0000,6.5078
"f1b2bda7-ab39-4e75-a340-fcd19f9817b7","","AZ-Replit - GPO CTS - Viewer","GPO CTS",6.4924,0.0000,0.0000,0.0000,6.4924
"f578afe0-55d8-4ce8-9acf-ec2c73b7479c","","AZ-Replit - Growth MDU - Admin","Growth MDU",6.4898,0.0000,0.0000,0.0000,6.4898
"6cc16958-6e6d-465c-bc7e-1c4dfb9a2d7d","","AZ-Replit - GPO CTS - Viewer","GPO CTS",6.4298,0.0000,0.0000,0.0000,6.4298
"db1b6557-dbfe-48db-b7ee-fd3150d608fb","","AZ-Replit - Growth MDU - Admin","Growth MDU",6.4135,0.0000,0.0000,0.0000,6.4135
"84db30fe-28ab-4979-88f2-ca0e3e2f2a0a","","AZ-Replit - Growth CXSO Account Mgmt - Member","Growth CXSO Account Mgmt",6.3647,0.0000,0.0000,0.0000,6.3647
"e67991ff-824a-46ec-85dc-5fa639998baa","","AZ-Replit - Corporate Communications - Admin","Corporate Communications",6.3488,0.0000,0.0000,0.0000,6.3488
"914044d0-3270-44e8-8a33-d1a465fc0d72","","AZ-Replit - Growth Strategy & Operations - Member","Growth Strategy & Operations",6.3308,0.0000,0.0000,0.0000,6.3308
"5827fda3-28cf-4207-8209-50e32758b580","","AZ-Replit - Growth Strategy & Operations - Member","Growth Strategy & Operations",6.2655,0.0000,0.0000,0.0000,6.2655
"2ca6087c-7bca-44d6-a96a-f8a4f58b7675","","AZ-Replit - Growth Strategy & Operations - Admin","Growth Strategy & Operations",6.2589,0.0000,0.0000,0.0000,6.2589
"0210dac4-f72d-485b-ab0b-1f5b0e0d0d20","","AZ-Replit - Growth Strategy & Operations - Member","Growth Strategy & Operations",6.2449,0.0000,0.0000,0.0000,6.2449
"08955e95-0f00-4edc-9d1d-45fd5c80871b","","AZ-Replit - Comcast Advertising - Member","Comcast Advertising",6.2414,0.0000,0.0000,0.0000,6.2414
"002cf28d-4719-43ee-9e0e-7101bcc20ca3","","AZ-Replit - Growth Strategy & Operations - Admin","Growth Strategy & Operations",6.2391,0.0000,0.0000,0.0000,6.2391
"e03537f4-eae3-470e-bc15-69d6ae6bf04e","","AZ-Replit - GPO CTS - Member","GPO CTS",6.2244,0.0000,0.0000,0.0000,6.2244
"a2517a45-3d2f-4404-88f5-b8cdefd66ba0","","AZ-Replit - GPO Connected Living - Member","GPO Connected Living",6.1350,0.0000,0.0000,0.0000,6.1350
"0e56da7e-dac4-4026-8867-78f2b6df4c7f","","AZ-Replit - GPO CTS - Member","GPO CTS",6.1262,0.0000,0.0000,0.0000,6.1262
"e7628056-56a2-4c63-b430-8d5efb0bec1a","","AZ-Replit - Growth Xfinity Consumer Product Marketing - Admin","Growth Xfinity Consumer Product Marketing",6.0618,0.0000,0.0000,0.0000,6.0618
"e8404b33-065c-4ad2-95a6-17a3ad3c98bd","","AZ-Replit - Finance - Member","Finance",5.9703,0.0000,0.0000,0.0000,5.9703
"9ba59d00-36c9-4139-8bb3-4dcd70a3d65a","","AZ-Replit - Comcast Business Customer Solutions - Member","Comcast Business Consumer Solutions",5.9327,0.0000,0.0000,0.0000,5.9327
"88325506-4e67-4472-9ca2-c2c94b7297a3","","AZ-Replit - Comcast Business Marketing - Admin; AZ-Replit - Comcast Business Marketing - Member","Comcast Business Marketing",5.8368,0.0000,0.0000,0.0000,5.8368
"008209cb-a2bc-418b-b16e-f45bd805bec8","","AZ-Replit - Comcast Business Customer Solutions - Member","Comcast Business Consumer Solutions",5.8344,0.0000,0.0000,0.0000,5.8344
"a5157aac-6070-4cc8-91cd-3d56ec7c4fca","","AZ-Replit - GPO CTS - Admin; AZ-Replit - GPO Connected Living - Admin; AZ-Replit - GPO Creative Services - Admin","GPO CTS; GPO Connected Living; GPO Creative Services",5.8263,0.0000,0.0000,0.0000,5.8263
"00f8a694-8214-456c-a45c-70b75fbbaf88","","AZ-Replit - Comcast Business Customer Solutions - Member","Comcast Business Consumer Solutions",5.8194,0.0000,0.0000,0.0000,5.8194
"d48296d9-a241-4527-bc0e-554533380b77","","AZ-Replit - HR Compensation - Admin; AZ-Replit - HR Compensation - Member","HR Compensation",5.6569,0.0000,0.0000,0.0000,5.6569
"0dc7020d-eeaa-4145-8d2c-6172aacad9bb","","AZ-Replit - GPO Connected Living - Member","GPO Connected Living",5.5888,0.0000,0.0000,0.0000,5.5888
"5f152490-dffe-4cc5-92eb-e86a6236af98","","AZ-Replit - Growth Strategy & Operations - Member","Growth Strategy & Operations",5.5772,0.0000,0.0000,0.0000,5.5772
"8399359c-4fbe-4916-b8d1-a12cfe56ae39","","AZ-Replit - Comcast Business Customer Solutions - Member","Comcast Business Consumer Solutions",5.5723,0.0000,0.0000,0.0000,5.5723
"d760164b-7ead-49b5-b487-98a72d61d67c","","AZ-Replit - Corporate Communications - Admin","Corporate Communications",5.5444,0.0000,0.0000,0.0000,5.5444
"b0131cf1-c044-4a8e-9dbb-4b80ded1d72d","","AZ-Replit - Finance - Member","Finance",5.5353,0.0000,0.0000,0.0000,5.5353
"92fbe5e7-a111-4517-b07d-849e2bb4fb07","","AZ-Replit - Finance - Member","Finance",5.5117,0.0000,0.0000,0.0000,5.5117
"6d26e9b1-184a-4346-9d93-c988f1902149","","AZ-Replit - Comcast Business Customer Solutions - Member","Comcast Business Consumer Solutions",5.4995,0.0000,0.0000,0.0000,5.4995
"87de0007-cc5e-4767-9c89-bfc062cb70e4","","AZ-Replit - Growth Strategy & Operations - Member","Growth Strategy & Operations",5.4947,0.0000,0.0000,0.0000,5.4947
"568d1a32-614e-431f-adfd-78d04a41e214","","AZ-Replit - Growth Strategy & Operations - Member","Growth Strategy & Operations",5.4836,0.0000,0.0000,0.0000,5.4836
"9210b940-637b-4302-a302-1f6dc23665d9","","AZ-Replit - Growth Strategy & Operations - Admin","Growth Strategy & Operations",5.3752,0.0000,0.0000,0.0000,5.3752
"bf5c7abf-b829-4bfd-9e2d-975a71ffd0f5","","AZ-Replit - Growth Strategy & Operations - Member","Growth Strategy & Operations",5.3467,0.0000,0.0000,0.0000,5.3467
"ce262532-7fea-4324-a4e5-e3681cf3f409","","AZ-Replit - Growth Strategy & Operations - Member","Growth Strategy & Operations",5.2983,0.0000,0.0000,0.0000,5.2983
"16c4229a-7299-4922-8cb3-5cf8b2bf626e","","AZ-Replit - Growth Strategy & Operations - Member","Growth Strategy & Operations",5.2515,0.0000,0.0000,0.0000,5.2515
"26cd3f09-eaa0-4cc7-9b05-fadb45aa3959","","AZ-Replit - NBCU - Member","NBCU",5.2392,0.0000,0.0000,0.0000,5.2392
"2c54a54d-61d5-402a-98ff-7c9ae7ec3cd7","","AZ-Replit - Corporate Communications - Admin","Corporate Communications",5.1728,0.0000,0.0000,0.0000,5.1728
"281bb618-0f6f-40ed-ac99-1460c26c88a7","","AZ-Replit - GPO Creative Services - Admin; AZ-Replit - GPO Creative Services - Member","GPO Creative Services",5.1529,0.0000,0.0000,0.0000,5.1529
"b21bc3da-321d-4963-8466-0c95dc580c9c","","AZ-Replit - GPO Connected Living - Member","GPO Connected Living",5.1247,0.0000,0.0000,0.0000,5.1247
"1751568b-84e2-4b24-a41d-eeb70e68c33c","","AZ-Replit - Comcast Business Customer Solutions - Member","Comcast Business Consumer Solutions",5.0723,0.0000,0.0000,0.0000,5.0723
"9ef41733-4dae-4d61-82fb-f02615a7cf38","","AZ-Replit - Growth Strategy & Operations - Member","Growth Strategy & Operations",5.0628,0.0000,0.0000,0.0000,5.0628
"2105696c-34aa-4ed2-9f9a-bd81f673886e","","AZ-Replit - Growth Strategy & Operations - Member","Growth Strategy & Operations",5.0243,0.0000,0.0000,0.0000,5.0243
"be34a549-450c-411c-af99-aa7225e478aa","","AZ-Replit - Finance - Admin","Finance",5.0067,0.0000,0.0000,0.0000,5.0067
"07e2562a-dea9-49a6-a3d6-6ef6c7f64f45","","AZ-Replit - Growth Strategy & Operations - Member","Growth Strategy & Operations",4.9463,0.0000,0.0000,0.0000,4.9463
"8279e476-ae53-432e-bb47-7da7e2ba1f2c","","AZ-Replit - Growth Strategy & Operations - Member","Growth Strategy & Operations",4.9348,0.0000,0.0000,0.0000,4.9348
"07b9d428-18d8-4a64-8c08-c36855b56e1d","","AZ-Replit - Growth Xfinity Consumer Product Marketing - Admin","Growth Xfinity Consumer Product Marketing",4.9257,0.0000,0.0000,0.0000,4.9257
"1ecdc691-e7da-4dab-89b5-49d303d34b3d","","AZ-Replit - Growth Strategy & Operations - Admin","Growth Strategy & Operations",4.9161,0.0000,0.0000,0.0000,4.9161
"e98fb342-e109-477d-984c-e4b8dacd1117","","AZ-Replit - GPO Connected Living - Member","GPO Connected Living",4.9002,0.0000,0.0000,0.0000,4.9002
"520037b0-2fc8-42f0-8a80-40103c800152","","AZ-Replit - GPO Creative Services - Member","GPO Creative Services",4.8500,0.0000,0.0000,0.0000,4.8500
"6de413f5-2cbe-4bcd-8cb2-4c4a3b0e0b1f","","AZ-Replit - Wireless - Admin; AZ-Replit - Wireless - Member","Wireless",4.8145,0.0000,0.0000,0.0000,4.8145
"06880742-bcdf-4f18-9d88-66207d203e9a","","AZ-Replit - Comcast Business Marketing - Member","Comcast Business Marketing",4.7831,0.0000,0.0000,0.0000,4.7831
"485f4709-e6a6-4499-bf26-39f22324aebe","","AZ-Replit - GPO Creative Services - Admin; AZ-Replit - GPO Creative Services - Member","GPO Creative Services",4.7825,0.0000,0.0000,0.0000,4.7825
"3e882f86-f6cc-4f36-963e-f93dfb046a7c","","AZ-Replit - GPO CTS - Viewer","GPO CTS",4.6546,0.0000,0.0000,0.0000,4.6546
"89082dab-f8b3-4e5d-bdc6-bbbdcca2887b","","AZ-Replit - GPO Connected Living - Member","GPO Connected Living",4.6465,0.0000,0.0000,0.0000,4.6465
"2728b6d8-6fb1-4133-a7d5-7961bd3f3a9e","","AZ-Replit - Finance - Member","Finance",4.6274,0.0000,0.0000,0.0000,4.6274
"610241b0-7cb5-403a-b7e7-d6f7bb1accd6","","AZ-Replit - GPO Creative Services - Admin; AZ-Replit - GPO Creative Services - Member","GPO Creative Services",4.5767,0.0000,0.0000,0.0000,4.5767
"0e9fe15f-a6b0-43ba-9ab1-24cd88cf6516","","AZ-Replit - GPO Connected Living - Member","GPO Connected Living",4.5514,0.0000,0.0000,0.0000,4.5514
"0ab3f496-9059-4c9c-8522-778092a7bcdf","","AZ-Replit - GPO Connected Living - Viewer","GPO Connected Living",4.5433,0.0000,0.0000,0.0000,4.5433
"c128cf25-8d5a-4995-bdbc-d682bee347db","","AZ-Replit - Growth Xfinity Consumer Product Marketing - Admin","Growth Xfinity Consumer Product Marketing",4.5363,0.0000,0.0000,0.0000,4.5363
"87b458bd-d29d-4e74-a741-0e026b9471cf","","AZ-Replit - Strategic Development LIFT Labs - Member","Strategic Development LIFT Labs",4.4953,0.0000,0.0000,0.0000,4.4953
"7fb36539-c50c-49a9-8e8c-c42fe346b452","","AZ-Replit - Comcast Business Marketing - Member","Comcast Business Marketing",4.4908,0.0000,0.0000,0.0000,4.4908
"99dd68ce-879d-4463-bbe5-669e3fbc3b48","","AZ-Replit - Comcast Advertising - Member","Comcast Advertising",4.4058,0.0000,0.0000,0.0000,4.4058
"2c76f0e1-02b2-4bb6-952a-fa1c5c9ad87e","","AZ-Replit - Growth Strategy & Operations - Member","Growth Strategy & Operations",4.3905,0.0000,0.0000,0.0000,4.3905
"b082f05e-f72f-485c-8e55-edc16a9184ef","","AZ-Replit - Comcast Business Customer Solutions - Member","Comcast Business Consumer Solutions",4.3663,0.0000,0.0000,0.0000,4.3663
"f15c6189-1b34-4833-80bf-4ededc5b49dd","","AZ-Replit - Growth Strategy & Operations - Member","Growth Strategy & Operations",4.3643,0.0000,0.0000,0.0000,4.3643
"dd7a466f-5cb9-4ce8-97b5-dc355e4bd594","","AZ-Replit - GPO CTS - Member","GPO CTS",4.3618,0.0000,0.0000,0.0000,4.3618
"28bfe3f0-26a7-4e72-88b9-0d7f630e87f6","","AZ-Replit - Corporate Communications - Member","Corporate Communications",4.3559,0.0000,0.0000,0.0000,4.3559
"3fb935b1-1c3f-450c-be89-34498f46ba79","","AZ-Replit - Growth Strategy & Operations - Member","Growth Strategy & Operations",4.3394,0.0000,0.0000,0.0000,4.3394
"5f873165-1200-47b5-9a02-f6a0e69bf433","","AZ-Replit - Talent and Learning - Member","Talent and Learning",4.3130,0.0000,0.0000,0.0000,4.3130
"94ebd2d4-fba9-47df-b0df-480cfbdb3dc0","","AZ-Replit - GPO Connected Living - Member","GPO Connected Living",4.2945,0.0000,0.0000,0.0000,4.2945
"33a8422c-55f6-4852-b81e-e2997d7c2ff5","","AZ-Replit - Growth MDU - Admin","Growth MDU",4.2148,0.0000,0.0000,0.0000,4.2148
"0fa7c702-3753-40d0-b578-9aa2a28a1d91","","AZ-Replit - Wireless - Member","Wireless",4.2123,0.0000,0.0000,0.0000,4.2123
"c0c7c1c5-1654-4320-9dbb-377568038802","","AZ-Replit - Corporate Communications - Member","Corporate Communications",4.1507,0.0000,0.0000,0.0000,4.1507
"0f18e039-3a36-489b-867d-2cb1b2d6d57b","","AZ-Replit - GPO Creative Services - Admin; AZ-Replit - GPO Creative Services - Member","GPO Creative Services",4.1282,0.0000,0.0000,0.0000,4.1282
"6b18f9ec-71d9-4cec-b057-dcda4df1366c","","AZ-Replit - Growth Strategy & Operations - Member","Growth Strategy & Operations",4.1222,0.0000,0.0000,0.0000,4.1222
"41167690-938e-42d9-9a61-495906bfd07a","","AZ-Replit - Comcast Advertising - Member","Comcast Advertising",4.1112,0.0000,0.0000,0.0000,4.1112
"1afc79ff-318c-42d3-8ff5-138198488d9d","","AZ-Replit - Comcast Business Marketing - Viewer","Comcast Business Marketing",4.0978,0.0000,0.0000,0.0000,4.0978
"dc6ad6c9-b1cd-4bcd-8a9b-c56822d23550","","AZ-Replit - Growth CXSO Account Mgmt - Admin; AZ-Replit - Growth CXSO Account Mgmt - Member","Growth CXSO Account Mgmt",4.0696,0.0000,0.0000,0.0000,4.0696
"91afa756-c888-48f9-9a54-d7f3083d5498","","AZ-Replit - Comcast Business Customer Solutions - Member","Comcast Business Consumer Solutions",4.0511,0.0000,0.0000,0.0000,4.0511
"cdc953ce-b709-4794-bf0c-252627be4bc3","","AZ-Replit - Corporate Communications - Admin","Corporate Communications",4.0456,0.0000,0.0000,0.0000,4.0456
"97320716-5c05-4d0a-8164-25f85efa37c8","","AZ-Replit - Comcast Business Customer Solutions - Member","Comcast Business Consumer Solutions",4.0337,0.0000,0.0000,0.0000,4.0337
"08c15998-ebc0-442f-bef3-ce9422c1bccf","","AZ-Replit - Wireless - Member","Wireless",4.0241,0.0000,0.0000,0.0000,4.0241
"5d95ff2f-496a-4939-ad2b-12b10521c2e5","","AZ-Replit - Comcast Business Customer Solutions - Member","Comcast Business Consumer Solutions",4.0217,0.0000,0.0000,0.0000,4.0217
"2b71a308-5274-4b0d-b1d5-0ef1e0800567","","AZ-Replit - Freewheel - Admin; AZ-Replit - Talent and Learning - Member","Freewheel; Talent and Learning",3.9919,0.0000,0.0000,0.0000,3.9919
"3315bf1f-bd2e-4afb-82f3-32c3b6adc2c5","","AZ-Replit - Growth Strategy & Operations - Member","Growth Strategy & Operations",3.9666,0.0000,0.0000,0.0000,3.9666
"840f1507-55ed-443b-8ee4-ea8b42c50316","","AZ-Replit - Comcast Business Customer Solutions - Member","Comcast Business Consumer Solutions",3.9010,0.0000,0.0000,0.0000,3.9010
"421a2211-6a5c-4cca-875b-e00196fb86c5","","AZ-Replit - GPO Connected Living - Member","GPO Connected Living",3.9005,0.0000,0.0000,0.0000,3.9005
"a6baf980-3531-4310-accc-33470e760a81","","AZ-Replit - Comcast Business Customer Solutions - Member","Comcast Business Consumer Solutions",3.8186,0.0000,0.0000,0.0000,3.8186
"603fca9d-caff-4308-ad4a-e6107594a4fb","","AZ-Replit - Growth Xfinity Consumer Product Marketing - Admin","Growth Xfinity Consumer Product Marketing",3.7448,0.0000,0.0000,0.0000,3.7448
"fb0bb568-48d3-4271-a827-bb7e132d30a8","","AZ-Replit - Corporate Communications - Admin","Corporate Communications",3.7237,0.0000,0.0000,0.0000,3.7237
"0744b307-2537-4a67-b158-7a56881a8866","","AZ-Replit - Growth Strategy & Operations - Member","Growth Strategy & Operations",3.6974,0.0000,0.0000,0.0000,3.6974
"5151368d-7286-4e47-b2ff-3debd15609ac","","AZ-Replit - HR Compensation - Admin; AZ-Replit - HR Compensation - Member","HR Compensation",3.6958,0.0000,0.0000,0.0000,3.6958
"1d80b7ae-1037-440d-a356-6b39be9da01d","","AZ-Replit - GPO Creative Services - Admin; AZ-Replit - GPO Creative Services - Member","GPO Creative Services",3.6875,0.0000,0.0000,0.0000,3.6875
"f03c400b-80bb-4e81-9ff7-0e9b72c0aa08","","AZ-Replit - GPO CTS - Member","GPO CTS",3.6830,0.0000,0.0000,0.0000,3.6830
"086a91f1-1fef-4174-be68-8090afc9a1bc","","AZ-Replit - Corporate Communications - Member; BnD Analytics Team","Corporate Communications",3.6796,0.0000,0.0000,0.0000,3.6796
"092fc166-5a37-4fae-82d0-3fdbd29bcfdb","","AZ-Replit - GPO Creative Services - Member","GPO Creative Services",3.5805,0.0000,0.0000,0.0000,3.5805
"ba940f0e-7e2d-4598-961e-970727a2ef83","","AZ-Replit - GPO Connected Living - Admin","GPO Connected Living",3.5696,0.0000,0.0000,0.0000,3.5696
"7cce5387-4a8b-4e5f-9c21-43ca46493550","","AZ-Replit - Growth Xfinity Consumer Product Marketing - Admin","Growth Xfinity Consumer Product Marketing",3.5346,0.0000,0.0000,0.0000,3.5346
"17a6c943-c112-4986-80ba-1e37f6a2cceb","","AZ-Replit - Corporate Communications - Admin","Corporate Communications",3.5338,0.0000,0.0000,0.0000,3.5338
"700bbef0-9a97-4960-a9b3-3efb4712f6b2","","AZ-Replit - Corporate Communications - Admin; AZ-Replit - Corporate Communications - Member","Corporate Communications",3.5167,0.0000,0.0000,0.0000,3.5167
"0b4e86d8-2b72-452d-92e3-5a9f9e4254e3","","AZ-Replit - EBI Enterprise Analytics - Member","EBI Enterprise Analytics",3.4705,0.0000,0.0000,0.0000,3.4705
"04fc804a-3d39-454a-b61e-01fb5508de0a","","AZ-Replit - GPO Creative Services - Member","GPO Creative Services",3.4332,0.0000,0.0000,0.0000,3.4332
"6d354fa6-0e5a-4f2b-b2b5-d9e7be4464bf","","AZ-Replit - Growth Strategy & Operations - Member","Growth Strategy & Operations",3.4281,0.0000,0.0000,0.0000,3.4281
"88c8a55c-548b-4cf9-88d9-0dafa7ff086e","","AZ-Replit - Comcast Business Marketing - Admin; AZ-Replit - Comcast Business Marketing - Member","Comcast Business Marketing",3.4007,0.0000,0.0000,0.0000,3.4007
"9e52673e-955f-462d-8814-fe9b67b5f04b","","AZ-Replit - GPO Creative Services - Admin; AZ-Replit - GPO Creative Services - Member","GPO Creative Services",3.3722,0.0000,0.0000,0.0000,3.3722
"fa32832f-11e0-44ba-8e6e-701fc7100e87","","AZ-Replit - Corporate Communications - Admin","Corporate Communications",3.3581,0.0000,0.0000,0.0000,3.3581
"eb55a2ca-4b13-4617-b578-ca0bb6b7866c","","AZ-Replit - Growth Xfinity Consumer Product Marketing - Admin","Growth Xfinity Consumer Product Marketing",3.3398,0.0000,0.0000,0.0000,3.3398
"51e29780-9fbc-46b5-bb63-dd82bd751769","","AZ-Replit - Growth Strategy & Operations - Member","Growth Strategy & Operations",3.3279,0.0000,0.0000,0.0000,3.3279
"e23bcff7-1daa-4e1c-a646-6223da5a632b","","AZ-Replit - TPX IT - Member","TPX IT",3.3163,0.0000,0.0000,0.0000,3.3163
"70054907-f7e2-45b0-83db-d5cecabd2ba9","","AZ-Replit - Comcast Business Marketing - Member","Comcast Business Marketing",3.2739,0.0000,0.0000,0.0000,3.2739
"5f4119b0-da40-47d5-8a5d-30bcd210c4a2","","AZ-Replit - Comcast Business Marketing - Member","Comcast Business Marketing",3.2561,0.0000,0.0000,0.0000,3.2561
"aa016f8e-4bda-43ad-9c3a-fec0a26db98b","","AZ-Replit - Corporate Communications - Member","Corporate Communications",3.2317,0.0000,0.0000,0.0000,3.2317
"34bb5817-c13b-49e8-9ba4-51a3db5615ef","","AZ-Replit - GPO CTS - Viewer","GPO CTS",3.1720,0.0000,0.0000,0.0000,3.1720
"7186ace8-dbe1-49ae-a5c7-b6236ad69d70","","AZ-Replit - Growth Strategy & Operations - Member","Growth Strategy & Operations",3.1440,0.0000,0.0000,0.0000,3.1440
"aa658cdc-3d66-4cf9-9355-c453bf72de8b","","AZ-Replit - Comcast Business Customer Solutions - Member","Comcast Business Consumer Solutions",3.1119,0.0000,0.0000,0.0000,3.1119
"4ff08595-c427-45d8-85ce-30fc3b57a687","","AZ-Replit - Comcast Business Customer Solutions - Member","Comcast Business Consumer Solutions",3.1073,0.0000,0.0000,0.0000,3.1073
"6ca765df-8cf9-4063-b28a-6042d0343d44","","AZ-Replit - Comcast Business Customer Solutions - Member","Comcast Business Consumer Solutions",3.0478,0.0000,0.0000,0.0000,3.0478
"12f3e031-199c-42d0-82e7-c4ed583d990a","","AZ-Replit - Growth Strategy & Operations - Admin","Growth Strategy & Operations",3.0325,0.0000,0.0000,0.0000,3.0325
"ab4be177-0b8d-4d53-a89f-76c74bd2db2d","","AZ-Replit - Growth CXSO Account Mgmt - Member","Growth CXSO Account Mgmt",3.0244,0.0000,0.0000,0.0000,3.0244
"ada3747e-8e8f-40cd-a9db-575866018689","","AZ-Replit - EBI AI ML - Admin; AZ-Replit - EBI AI ML - Member","EBI AI ML",2.9916,0.0000,0.0000,0.0000,2.9916
"1bc5caf1-0992-42d3-bf0a-f04079b2d156","","AZ-Replit - GPO Connected Living - Admin","GPO Connected Living",2.9870,0.0000,0.0000,0.0000,2.9870
"a452b124-569d-4f88-949a-dd6421983f9c","","AZ-Replit - Comcast Advertising - Member","Comcast Advertising",2.9813,0.0000,0.0000,0.0000,2.9813
"6dd4570d-5d81-462c-94a8-31cfb338c133","","AZ-Replit - Comcast Advertising - Member","Comcast Advertising",2.9551,0.0000,0.0000,0.0000,2.9551
"57fa83d0-22fe-4330-a937-b69897fbb323","","AZ-Replit - Comcast Business Marketing - Admin; AZ-Replit - Comcast Business Marketing - Member","Comcast Business Marketing",2.9530,0.0000,0.0000,0.0000,2.9530
"779b5181-aab9-4022-bd8a-0329b61d8410","","AZ-Replit - GPO Creative Services - Admin; AZ-Replit - GPO Creative Services - Member","GPO Creative Services",2.9439,0.0000,0.0000,0.0000,2.9439
"3958b1a5-d000-495f-a9bc-00f9066d1b68","","AZ-Replit - Comcast Business Customer Solutions - Member","Comcast Business Consumer Solutions",2.9128,0.0000,0.0000,0.0000,2.9128
"1f5c27a6-812a-4473-890a-24edf215aef9","","AZ-Replit - Comcast Business Customer Solutions - Member","Comcast Business Consumer Solutions",2.8662,0.0000,0.0000,0.0000,2.8662
"63b2190f-4dad-4697-aba2-8b558f63db8c","","AZ-Replit - Growth Strategy & Operations - Member","Growth Strategy & Operations",2.8638,0.0000,0.0000,0.0000,2.8638
"bfbc5f4b-0c86-4625-9c87-e8449151a989","","AZ-Replit - Comcast Business Customer Solutions - Member","Comcast Business Consumer Solutions",2.8531,0.0000,0.0000,0.0000,2.8531
"ba9f923e-9107-41cc-9bc2-9964e9680211","","AZ-Replit - Growth Strategy & Operations - Member","Growth Strategy & Operations",2.8472,0.0000,0.0000,0.0000,2.8472
"4adeb5b8-2c33-4cd0-8a82-97e7f5b690fb","","AZ-Replit - GPO Connected Living - Viewer","GPO Connected Living",2.8384,0.0000,0.0000,0.0000,2.8384
"6d95afbc-b4e5-4ebc-93a4-bbe8a41763a7","","AZ-Replit - Growth Strategy & Operations - Member","Growth Strategy & Operations",2.8113,0.0000,0.0000,0.0000,2.8113
"72f9386e-3f1d-4b19-ab18-0fb28c792307","","AZ-Replit - Growth Strategy & Operations - Member","Growth Strategy & Operations",2.8009,0.0000,0.0000,0.0000,2.8009
"b8f0fbca-2709-4d9f-968b-730e5c8506db","","AZ-Replit - EBI AI ML - Admin; AZ-Replit - EBI AI ML - Member","EBI AI ML",2.7458,0.0000,0.0000,0.0000,2.7458
"3b91e649-03ee-4399-a71f-fd3eb3a2f486","","AZ-Replit - GPO Connected Living - Viewer","GPO Connected Living",2.6973,0.0000,0.0000,0.0000,2.6973
"d0178440-a0c3-4ee3-9fc9-8b3d3eb5eb5f","","AZ-Replit - Comcast Business Customer Solutions - Member","Comcast Business Consumer Solutions",2.6925,0.0000,0.0000,0.0000,2.6925
"3a4c8df7-174b-44a7-923c-e34f87989b53","","AZ-Replit - Growth Strategy & Operations - Member","Growth Strategy & Operations",2.6913,0.0000,0.0000,0.0000,2.6913
"d5818da2-cfd8-4349-94ec-3e1ec541d92f","","AZ-Replit - GPO Creative Services - Member","GPO Creative Services",2.6724,0.0000,0.0000,0.0000,2.6724
"6946aa74-da67-4b12-8098-6eb8ee95ea49","","AZ-Replit - Corporate Communications - Member","Corporate Communications",2.6581,0.0000,0.0000,0.0000,2.6581
"0e39933a-3fde-4284-b9f7-679bac27d6c5","","AZ-Replit - Comcast Advertising - Member","Comcast Advertising",2.6352,0.0000,0.0000,0.0000,2.6352
"02cbf2b8-7614-4522-81e0-f9e2a126742b","","AZ-Replit - Comcast Advertising - Member","Comcast Advertising",2.6239,0.0000,0.0000,0.0000,2.6239
"e005af3d-7f01-48e1-afb8-a993b21a6e2d","","AZ-Replit - GPO Creative Services - Member","GPO Creative Services",2.6221,0.0000,0.0000,0.0000,2.6221
"22765869-dcf5-4ba0-b950-1b792d794d3b","","AZ-Replit - Comcast Business Customer Solutions - Member","Comcast Business Consumer Solutions",2.5929,0.0000,0.0000,0.0000,2.5929
"3d44bea3-c7da-4128-a951-053b2f7372d9","","AZ-Replit - Corporate Communications - Admin","Corporate Communications",2.5860,0.0000,0.0000,0.0000,2.5860
"c1a6889c-09d0-42e6-bda4-3518bd1f468d","","AZ-Replit - Comcast Business Customer Solutions - Member","Comcast Business Consumer Solutions",2.5763,0.0000,0.0000,0.0000,2.5763
"d3df9b96-844b-4f79-bff1-1d475d76b90a","","AZ-Replit - Comcast Advertising - Member","Comcast Advertising",2.5657,0.0000,0.0000,0.0000,2.5657
"43ca8486-2edc-4423-a1f5-9a0b0e5669fd","","AZ-Replit - Wireless - Member","Wireless",2.5429,0.0000,0.0000,0.0000,2.5429
"da826868-fe42-4141-899b-861cc8575ac3","","AZ-Replit - Corporate Communications - Admin","Corporate Communications",2.5303,0.0000,0.0000,0.0000,2.5303
"23059689-e2b0-4d40-8986-4ad7c7f01622","","AZ-Replit - Comcast Business Customer Solutions - Member","Comcast Business Consumer Solutions",2.5194,0.0000,0.0000,0.0000,2.5194
"4a9bdb31-f13d-4587-bd74-705f69d9bdc7","","AZ-Replit - Comcast Business Customer Solutions - Admin","Comcast Business Consumer Solutions",2.5114,0.0000,0.0000,0.0000,2.5114
"e5f68fe9-5a1d-46cb-a258-77b92d75e75e","","AZ-Replit - Comcast Business Marketing - Member","Comcast Business Marketing",2.5001,0.0000,0.0000,0.0000,2.5001
"ff23e918-b626-4de4-bc84-3f742181d043","","AZ-Replit - GPO Creative Services - Admin; AZ-Replit - GPO Creative Services - Member","GPO Creative Services",2.4916,0.0000,0.0000,0.0000,2.4916
"b7a9ca2b-04a8-4599-8314-4520a055ff9e","","AZ-Replit - Finance - Member","Finance",2.4815,0.0000,0.0000,0.0000,2.4815
"ac7e0e4e-da7f-43fb-be41-b81f150a67c4","","AZ-Replit - GPO CTS - Viewer","GPO CTS",2.4353,0.0000,0.0000,0.0000,2.4353
"463ff74a-1fcc-4926-b8cf-2537f363ccd1","","AZ-Replit - Corporate Communications - Admin","Corporate Communications",2.4119,0.0000,0.0000,0.0000,2.4119
"2fcf9ada-7970-4e6f-8dd9-5e103cff7b3a","","AZ-Replit - GPO Creative Services - Member","GPO Creative Services",2.3826,0.0000,0.0000,0.0000,2.3826
"8f04e386-b0c2-4884-b6f9-5720a62ebde3","","AZ-Replit - Growth Strategy & Operations - Member","Growth Strategy & Operations",2.3727,0.0000,0.0000,0.0000,2.3727
"8a731fd6-4df4-47d8-97c8-7cf599aa907b","","AZ-Replit - Corporate Communications - Admin","Corporate Communications",2.3641,0.0000,0.0000,0.0000,2.3641
"1f476819-d78d-4390-85d3-a886c4ae49ab","","AZ-Replit - PREPROD-Admins","",2.3384,0.0000,0.0000,0.0000,2.3384
"4f0ce4af-154c-429e-98b2-77a05da4b2af","","AZ-Replit - Corporate Communications - Admin","Corporate Communications",2.3023,0.0000,0.0000,0.0000,2.3023
"56c8810c-5ce4-4580-8170-6d0f6d15fca2","","AZ-Replit - PREPROD-Admins; AZ-Replit - Strategic Development LIFT Labs - Admin; AZ-Replit - Strategic Development LIFT Labs - Member","Strategic Development LIFT Labs",2.2983,0.0000,0.0000,0.0000,2.2983
"f2935388-4150-4088-b0cf-e8b0dc2fe2dc","","AZ-Replit - Growth Strategy & Operations - Member","Growth Strategy & Operations",2.2908,0.0000,0.0000,0.0000,2.2908
"9b4ef678-377e-4ba2-a3ab-de2738bb9a0f","","AZ-Replit - GPO Creative Services - Member","GPO Creative Services",2.2756,0.0000,0.0000,0.0000,2.2756
"e3c645f2-d53a-435e-aa4c-7563fdc2f41b","","AZ-Replit - Comcast Business Customer Solutions - Member","Comcast Business Consumer Solutions",2.2251,0.0000,0.0000,0.0000,2.2251
"85086358-0a02-49d1-ba1f-ebaa7a2fa87d","","AZ-Replit - Corporate Communications - Member","Corporate Communications",2.1895,0.0000,0.0000,0.0000,2.1895
"e33f5944-26bf-4a07-a637-36e80d025f97","","AZ-Replit - GPO Connected Living - Member","GPO Connected Living",2.1612,0.0000,0.0000,0.0000,2.1612
"cc7cf900-d062-4c2d-abb5-3ed621a01baa","","AZ-Replit - Comcast Business Customer Solutions - Member","Comcast Business Consumer Solutions",2.1150,0.0000,0.0000,0.0000,2.1150
"9e2f9830-0352-403f-aaff-78f8d00884f4","","AZ-Replit - Growth Xfinity Consumer Product Marketing - Admin","Growth Xfinity Consumer Product Marketing",2.1124,0.0000,0.0000,0.0000,2.1124
"5bc67dff-e46f-4862-b9dd-e8a46f399339","","AZ-Replit - GPO Creative Services - Member","GPO Creative Services",2.0941,0.0000,0.0000,0.0000,2.0941
"aa3e6862-5361-4dee-963a-77661d13e5e5","","AZ-Replit - Growth Strategy & Operations - Member","Growth Strategy & Operations",2.0924,0.0000,0.0000,0.0000,2.0924
"eddbee7a-5f15-4660-a138-255732507981","","AZ-Replit - Comcast Business Customer Solutions - Member","Comcast Business Consumer Solutions",2.0764,0.0000,0.0000,0.0000,2.0764
"1350d90d-896a-4560-b052-939e4f9daac7","","AZ-Replit - GPO Connected Living - Member","GPO Connected Living",2.0648,0.0000,0.0000,0.0000,2.0648
"1f2491a7-3829-4261-8fde-f97e4b6592fa","","AZ-Replit - Talent and Learning - Member","Talent and Learning",2.0518,0.0000,0.0000,0.0000,2.0518
"c7435bcc-5d7c-45d6-b36c-d6e8d8c812d0","","AZ-Replit - Corporate Communications - Admin","Corporate Communications",2.0361,0.0000,0.0000,0.0000,2.0361
"34ad0486-106e-4748-9738-a61415e2c203","","AZ-Replit - Growth CXSO Account Mgmt - Admin; AZ-Replit - Growth CXSO Account Mgmt - Member","Growth CXSO Account Mgmt",1.9776,0.0000,0.0000,0.0000,1.9776
"a1c24a60-3187-450f-b043-5834ae674625","","AZ-Replit - HR Compensation - Member","HR Compensation",1.9296,0.0000,0.0000,0.0000,1.9296
"08ef6d59-048d-4f96-afe0-cf62de00bf62","","AZ-Replit - GPO Connected Living - Member","GPO Connected Living",1.9156,0.0000,0.0000,0.0000,1.9156
"e382ea23-9f64-4e94-b50e-394fd45fdc5d","","AZ-Replit - Comcast Business Customer Solutions - Member","Comcast Business Consumer Solutions",1.8989,0.0000,0.0000,0.0000,1.8989
"e72121b9-b5a0-4794-8c5c-3a50df66cefb","","AZ-Replit - GPO CTS - Admin; AZ-Replit - GPO Connected Living - Admin; AZ-Replit - GPO Creative Services - Admin","GPO CTS; GPO Connected Living; GPO Creative Services",1.8964,0.0000,0.0000,0.0000,1.8964
"eeff8537-68f1-4a42-9833-6b66713a7403","","AZ-Replit - Growth Strategy & Operations - Member","Growth Strategy & Operations",1.8889,0.0000,0.0000,0.0000,1.8889
"e3477deb-7038-458b-a3e4-87069c2cb703","","AZ-Replit - Growth Strategy & Operations - Member","Growth Strategy & Operations",1.8798,0.0000,0.0000,0.0000,1.8798
"2f0b5bc6-eb2c-45c0-884d-0b5b7d1bc6a0","","AZ-Replit - Corporate Communications - Admin","Corporate Communications",1.8419,0.0000,0.0000,0.0000,1.8419
"3f7bb093-3e55-4de7-af81-864a2179bb86","","AZ-Replit - Corporate Communications - Admin","Corporate Communications",1.8361,0.0000,0.0000,0.0000,1.8361
"ba5090d6-b390-47c6-8860-d5edd1a5b7f6","","AZ-Replit - Comcast Business Customer Solutions - Member","Comcast Business Consumer Solutions",1.8243,0.0000,0.0000,0.0000,1.8243
"9b3b44e5-5e58-4743-9ea7-92d389dfa9f8","","AZ-Replit - GPO Creative Services - Admin; AZ-Replit - GPO Creative Services - Member","GPO Creative Services",1.8217,0.0000,0.0000,0.0000,1.8217
"881de20e-7db4-4e39-9168-5731058fc106","","AZ-Replit - Comcast Advertising - Member","Comcast Advertising",1.8155,0.0000,0.0000,0.0000,1.8155
"39df2424-8f6d-4847-9287-6bfa254d7dea","","AZ-Replit - GPO CTS - Viewer","GPO CTS",1.8091,0.0000,0.0000,0.0000,1.8091
"c216f1e8-11fe-4967-b00d-a6d6064427aa","","AZ-Replit - Growth Strategy & Operations - Member","Growth Strategy & Operations",1.8056,0.0000,0.0000,0.0000,1.8056
"080aebb6-8c7c-493c-b583-8c93a315d539","","AZ-Replit - Comcast Business Customer Solutions - Member","Comcast Business Consumer Solutions",1.7956,0.0000,0.0000,0.0000,1.7956
"70200375-52e2-4bf0-855a-a47cb58786b0","","AZ-Replit - Comcast Business Customer Solutions - Member","Comcast Business Consumer Solutions",1.7952,0.0000,0.0000,0.0000,1.7952
"1a01c9d0-6f1b-4d60-858b-49c79b1984a0","","AZ-Replit - PREPROD-Admins","",1.7528,0.0000,0.0000,0.0000,1.7528
"a89d8235-85dd-4778-8a54-6c733209ce86","","AZ-Replit - Growth Strategy & Operations - Member","Growth Strategy & Operations",1.7364,0.0000,0.0000,0.0000,1.7364
"df569b65-a7d8-4505-94a8-854a61d215f2","","AZ-Replit - Corporate Communications - Admin","Corporate Communications",1.7362,0.0000,0.0000,0.0000,1.7362
"1a349b64-bcec-42d1-a860-31679afda13a","","AZ-Replit - Growth Strategy & Operations - Member","Growth Strategy & Operations",1.7113,0.0000,0.0000,0.0000,1.7113
"a54beaa9-a2d8-422b-ad8e-375ab16885d4","","AZ-Replit - Corporate Communications - Admin","Corporate Communications",1.7084,0.0000,0.0000,0.0000,1.7084
"c442a859-2d5e-44d8-a389-65f6eeb69539","","AZ-Replit - Comcast Advertising - Member","Comcast Advertising",1.7037,0.0000,0.0000,0.0000,1.7037
"af8e1931-7865-4d12-9781-5cbc2aecada4","","AZ-Replit - Growth Strategy & Operations - Member","Growth Strategy & Operations",1.6701,0.0000,0.0000,0.0000,1.6701
"da9d5139-0957-4d99-9bb5-b2d885a429e2","","AZ-Replit - HR Compensation - Member","HR Compensation",1.6517,0.0000,0.0000,0.0000,1.6517
"5e2ba863-d467-4880-ba56-1e8284022816","","AZ-Replit - TPX IT - Member","TPX IT",1.6310,0.0000,0.0000,0.0000,1.6310
"301f3466-9219-4650-a36f-f9097764aa3e","","AZ-Replit - GPO Creative Services - Admin; AZ-Replit - GPO Creative Services - Member","GPO Creative Services",1.5716,0.0000,0.0000,0.0000,1.5716
"cea28c2e-a5cf-4d28-b623-b20f1d3c3d74","","AZ-Replit - GPO CTS - Viewer","GPO CTS",1.5672,0.0000,0.0000,0.0000,1.5672
"daba0315-8931-4f0a-872c-6930fd4f1c1b","","AZ-Replit - EBI Enterprise Analytics - Member","EBI Enterprise Analytics",1.5398,0.0000,0.0000,0.0000,1.5398
"f26c3f72-4147-4963-97bb-182b143d9127","","AZ-Replit - Comcast Business Customer Solutions - Member","Comcast Business Consumer Solutions",1.5361,0.0000,0.0000,0.0000,1.5361
"908e2926-461b-460c-b523-bf1ee499ed19","","AZ-Replit - Growth Strategy & Operations - Member","Growth Strategy & Operations",1.5314,0.0000,0.0000,0.0000,1.5314
"d930feab-2fba-439f-86ac-70d996fa2503","","AZ-Replit - Comcast Business Customer Solutions - Member","Comcast Business Consumer Solutions",1.4834,0.0000,0.0000,0.0000,1.4834
"1f67db99-dcbc-46ef-9ebc-422518b11828","","AZ-Replit - PREPROD-Admins; AZ-Replit - Strategic Development LIFT Labs - Admin; AZ-Replit - Strategic Development LIFT Labs - Member","Strategic Development LIFT Labs",1.4828,0.0000,0.0000,0.0000,1.4828
"fd058b63-de18-4340-9239-0d50879f31af","","AZ-Replit - EBI AI ML - Admin; AZ-Replit - EBI AI ML - Member","EBI AI ML",1.4496,0.0000,0.0000,0.0000,1.4496
"5deffaef-60f8-40ab-a899-77361b4ec42c","","AZ-Replit - GPO CTS - Member","GPO CTS",1.4459,0.0000,0.0000,0.0000,1.4459
"40db8f8c-ebfc-4277-9cf0-1fd6429ed670","","AZ-Replit - Strategic Development LIFT Labs - Member","Strategic Development LIFT Labs",1.4451,0.0000,0.0000,0.0000,1.4451
"6e8f331d-f58d-462f-821d-6d1b0ff5a4af","","AZ-Replit - Comcast Advertising - Member","Comcast Advertising",1.4412,0.0000,0.0000,0.0000,1.4412
"2d9a27f8-b566-4f80-afea-ad20e14ca661","","AZ-Replit - TPX IT - Member","TPX IT",1.4291,0.0000,0.0000,0.0000,1.4291
"9929e559-9234-4724-b4fb-a03e6d0e8883","","AZ-Replit - Corporate Communications - Admin","Corporate Communications",1.3854,0.0000,0.0000,0.0000,1.3854
"80267650-d20f-4f56-aa9c-eaeae036f278","","AZ-Replit - Growth Strategy & Operations - Admin; AZ-Replit - Growth Strategy & Operations - Member","Growth Strategy & Operations",1.3236,0.0000,0.0000,0.0000,1.3236
"c79f54fe-8ff2-45ac-b998-cc0197fd96ba","","AZ-Replit - GPO Creative Services - Member","GPO Creative Services",1.3013,0.0000,0.0000,0.0000,1.3013
"59200f3b-78cf-4f9d-bfc9-fdd019643bc7","","AZ-Replit - Growth Strategy & Operations - Member","Growth Strategy & Operations",1.2980,0.0000,0.0000,0.0000,1.2980
"e353363c-e87a-4f5a-9f10-9acc0660cd96","","AZ-Replit - Growth Strategy & Operations - Member","Growth Strategy & Operations",1.2956,0.0000,0.0000,0.0000,1.2956
"c824703d-f3ff-47e9-8806-444aaa8eec25","","AZ-Replit - Finance - Admin","Finance",1.2857,0.0000,0.0000,0.0000,1.2857
"1d277106-a706-4d14-8364-2d1d32a49608","","AZ-Replit - GPO Connected Living - Member","GPO Connected Living",1.2763,0.0000,0.0000,0.0000,1.2763
"59a9b057-24b9-4882-9916-2af08a3e67f5","","AZ-Replit - GPO Connected Living - Admin","GPO Connected Living",1.2630,0.0000,0.0000,0.0000,1.2630
"f5368ad3-4f2d-474f-a297-ec35fe094b79","","AZ-Replit - GPO Creative Services - Member","GPO Creative Services",1.2498,0.0000,0.0000,0.0000,1.2498
"b17766d5-4f6e-467e-9236-dcd5198e42c4","","AZ-Replit - Comcast Business Customer Solutions - Member","Comcast Business Consumer Solutions",1.2314,0.0000,0.0000,0.0000,1.2314
"098113ce-df10-4a9b-974a-a637e2d1b994","","AZ-Replit - GPO Connected Living - Member","GPO Connected Living",1.2285,0.0000,0.0000,0.0000,1.2285
"d8b63ff8-3697-47d1-b1c3-6210558bb7bf","","AZ-Replit - Corporate Communications - Member; BnD Analytics Team","Corporate Communications",1.2145,0.0000,0.0000,0.0000,1.2145
"0d09dfd8-0027-49eb-92cb-e73bfe73ba32","","AZ-Replit - Comcast Business Customer Solutions - Member","Comcast Business Consumer Solutions",1.1433,0.0000,0.0000,0.0000,1.1433
"0de6d9a0-4d6f-4211-9463-1cd800efd5e5","","AZ-Replit - Finance - Admin","Finance",1.1379,0.0000,0.0000,0.0000,1.1379
"8c53c452-752c-4a90-93ed-9c9d546c72c7","","AZ-Replit - GPO CTS - Viewer","GPO CTS",1.0844,0.0000,0.0000,0.0000,1.0844
"82d9252a-5806-40f2-bcae-9347b9ddcadc","","AZ-Replit - HR Compensation - Member","HR Compensation",1.0703,0.0000,0.0000,0.0000,1.0703
"7e027a42-5d39-499d-b294-abfc3a7c0382","","AZ-Replit - Corporate Communications - Admin","Corporate Communications",1.0612,0.0000,0.0000,0.0000,1.0612
"7bc4afce-f97f-497d-a74c-4b251e81d6a3","","AZ-Replit - Comcast Business Marketing - Member","Comcast Business Marketing",1.0596,0.0000,0.0000,0.0000,1.0596
"bd6a50b7-a5cf-4226-895f-ab4b3726a8fc","","AZ-Replit - EBI AI ML - Member","EBI AI ML",1.0464,0.0000,0.0000,0.0000,1.0464
"95c9cb4e-1e6f-4925-8b93-02c09bbabe44","","AZ-Replit - Growth Strategy & Operations - Member","Growth Strategy & Operations",1.0347,0.0000,0.0000,0.0000,1.0347
"dc9b5c26-7f81-4271-aa1a-23c4fe905d99","","AZ-Replit - Comcast Business Customer Solutions - Member","Comcast Business Consumer Solutions",1.0029,0.0000,0.0000,0.0000,1.0029
"88766fbf-d095-4985-a997-bef7b173605d","","AZ-Replit - Growth Strategy & Operations - Member","Growth Strategy & Operations",1.0015,0.0000,0.0000,0.0000,1.0015
"7e6005a5-0a2d-471f-9c49-14de62d73dc9","","AZ-Replit - Comcast Business Marketing - Admin; AZ-Replit - Comcast Business Marketing - Member","Comcast Business Marketing",0.8718,0.0000,0.0000,0.0000,0.8718
"1abf9cf9-6e02-4fdd-b5da-96fb81c8632f","","AZ-Replit - Growth CXSO Account Mgmt - Member","Growth CXSO Account Mgmt",0.8495,0.0000,0.0000,0.0000,0.8495
"7d89f557-d790-4780-b911-0c5c3e984969","","AZ-Replit - GPO CTS - Admin; AZ-Replit - GPO CTS - Member","GPO CTS",0.8459,0.0000,0.0000,0.0000,0.8459
"db4f3b4f-2176-409d-8a9f-08c330bd584c","","AZ-Replit - Growth Strategy & Operations - Member","Growth Strategy & Operations",0.8426,0.0000,0.0000,0.0000,0.8426
"fa0d26ba-cb13-46be-a42c-2e1f3c6697d9","","AZ-Replit - GPO CTS - Viewer","GPO CTS",0.8414,0.0000,0.0000,0.0000,0.8414
"35072899-8eba-4b22-943e-c38fb3f68f59","","AZ-Replit - Growth Strategy & Operations - Member","Growth Strategy & Operations",0.8357,0.0000,0.0000,0.0000,0.8357
"8b66a267-e1ca-4252-970e-b1ec9532ebb7","","AZ-Replit - Comcast Advertising - Member","Comcast Advertising",0.8340,0.0000,0.0000,0.0000,0.8340
"7bb361bc-45c0-4e9d-9e21-6ff0dbbcd9b5","","AZ-Replit - Wireless - Member","Wireless",0.8125,0.0000,0.0000,0.0000,0.8125
"01661320-6156-4f53-910c-f7eed1fe22ae","","AZ-Replit - Comcast Business Marketing - Admin; AZ-Replit - Comcast Business Marketing - Member","Comcast Business Marketing",0.8009,0.0000,0.0000,0.0000,0.8009
"de66d277-79f5-4d27-813c-48d45ac9e422","","AZ-Replit - Comcast Business Customer Solutions - Member","Comcast Business Consumer Solutions",0.7953,0.0000,0.0000,0.0000,0.7953
"6644e562-41f2-463f-84c6-0efe8300ae11","","AZ-Replit - Comcast Advertising - Member","Comcast Advertising",0.7783,0.0000,0.0000,0.0000,0.7783
"d38bee38-df28-4489-95ff-df792c4038f7","","AZ-Replit - Comcast Business Customer Solutions - Member","Comcast Business Consumer Solutions",0.7714,0.0000,0.0000,0.0000,0.7714
"83bae414-f778-4005-bf6b-d3648d3cf332","","AZ-Replit - EBI Enterprise Analytics - Member","EBI Enterprise Analytics",0.7653,0.0000,0.0000,0.0000,0.7653
"82363132-d6b7-4a42-a1b2-46cecb304e14","","AZ-Replit - Comcast Advertising - Member","Comcast Advertising",0.7509,0.0000,0.0000,0.0000,0.7509
"032ff734-bdcf-4892-8a81-1e5e197c5568","","AZ-Replit - GPO CTS - Member","GPO CTS",0.7486,0.0000,0.0000,0.0000,0.7486
"593e150d-ad97-4370-bcaf-2893cc184a02","","AZ-Replit - GPO CTS - Viewer","GPO CTS",0.7271,0.0000,0.0000,0.0000,0.7271
"1aa69f3a-207f-443e-9169-3ed9f9e264a5","","AZ-Replit - EBI AI ML - Admin; AZ-Replit - EBI AI ML - Member","EBI AI ML",0.6799,0.0000,0.0000,0.0000,0.6799
"2e29fbc6-87bd-4a3b-926f-0c7b21b60f36","","AZ-Replit - Growth Strategy & Operations - Member","Growth Strategy & Operations",0.6721,0.0000,0.0000,0.0000,0.6721
"b76e35f8-cc88-4c1d-94b1-be8d1305693e","","AZ-Replit - GPO CTS - Member","GPO CTS",0.6645,0.0000,0.0000,0.0000,0.6645
"8196e4bc-20bf-433d-aa42-82c9edea1c11","","AZ-Replit - Growth Strategy & Operations - Member","Growth Strategy & Operations",0.6562,0.0000,0.0000,0.0000,0.6562
"07bfa6a9-d526-405c-ace2-562b327e67b5","","AZ-Replit - Growth Strategy & Operations - Member","Growth Strategy & Operations",0.6435,0.0000,0.0000,0.0000,0.6435
"b341fb30-ad80-4937-95f7-af3b6b5b8d9a","","AZ-Replit - Comcast Advertising - Member","Comcast Advertising",0.6408,0.0000,0.0000,0.0000,0.6408
"670b7a6f-a600-4dbe-a60a-4bc2e21d0057","","AZ-Replit - Comcast Advertising - Member","Comcast Advertising",0.6380,0.0000,0.0000,0.0000,0.6380
"6036ef20-7753-4c97-aaea-59cd40f5fe78","","AZ-Replit - GPO Connected Living - Member","GPO Connected Living",0.6325,0.0000,0.0000,0.0000,0.6325
"030c71a4-00c0-4929-a4d2-910e8865ee4e","","AZ-Replit - Comcast Advertising - Member","Comcast Advertising",0.6303,0.0000,0.0000,0.0000,0.6303
"3e9e0e38-f9b4-429c-af20-5acc343286ec","","AZ-Replit - EBI Enterprise Analytics - Member","EBI Enterprise Analytics",0.6173,0.0000,0.0000,0.0000,0.6173
"16410332-0b27-465f-9052-216a6d03a8be","","AZ-Replit - Growth Strategy & Operations - Member","Growth Strategy & Operations",0.6047,0.0000,0.0000,0.0000,0.6047
"19b3e6a6-f379-4e8b-815a-b04f30aa14a6","","AZ-Replit - GPO Creative Services - Admin; AZ-Replit - GPO Creative Services - Member","GPO Creative Services",0.5993,0.0000,0.0000,0.0000,0.5993
"9cab193c-2bee-4612-9a68-03edfc38029b","","AZ-Replit - Growth Strategy & Operations - Member","Growth Strategy & Operations",0.5930,0.0000,0.0000,0.0000,0.5930
"4221929a-9bb3-415b-8750-1998a7e815b1","","AZ-Replit - GPO Creative Services - Admin; AZ-Replit - GPO Creative Services - Member","GPO Creative Services",0.5809,0.0000,0.0000,0.0000,0.5809
"11ab8804-a271-47a8-a2a8-ed59e35ce82c","","AZ-Replit - Growth Strategy & Operations - Member","Growth Strategy & Operations",0.5750,0.0000,0.0000,0.0000,0.5750
"38af530d-d3a4-4971-bc86-5c152775fb01","","AZ-Replit - Strategic Development LIFT Labs - Member","Strategic Development LIFT Labs",0.5676,0.0000,0.0000,0.0000,0.5676
"3cdf1c4a-1b53-442f-8214-fed5afe9aed8","","AZ-Replit - Finance - Admin","Finance",0.5515,0.0000,0.0000,0.0000,0.5515
"ba141ca1-abd8-4874-9ac4-eb44529b06d7","","AZ-Replit - Corporate Communications - Admin","Corporate Communications",0.5391,0.0000,0.0000,0.0000,0.5391
"475e61ba-809d-485f-ae04-a81fc957ac64","","AZ-Replit - Comcast Business Customer Solutions - Member","Comcast Business Consumer Solutions",0.5258,0.0000,0.0000,0.0000,0.5258
"86468b15-60b0-4973-a0ed-38db46c1f179","","AZ-Replit - Comcast Advertising - Member","Comcast Advertising",0.5064,0.0000,0.0000,0.0000,0.5064
"03b6558d-df93-4b74-887a-a4f959918782","","AZ-Replit - GPO Connected Living - Member","GPO Connected Living",0.4946,0.0000,0.0000,0.0000,0.4946
"7873e484-c33b-4a2d-9061-efdb177b6a33","","AZ-Replit - GPO Connected Living - Admin","GPO Connected Living",0.4880,0.0000,0.0000,0.0000,0.4880
"4d260e57-eca0-473e-841f-530068b38741","","AZ-Replit - Corporate Communications - Admin","Corporate Communications",0.4825,0.0000,0.0000,0.0000,0.4825
"cb14e5db-19a4-4828-80a4-d06d803a7541","","AZ-Replit - Growth CXSO Account Mgmt - Member","Growth CXSO Account Mgmt",0.4649,0.0000,0.0000,0.0000,0.4649
"5f4d0717-8e65-4e47-b127-9ce0e6bc1f4e","","AZ-Replit - GPO CTS - Admin; AZ-Replit - GPO CTS - Member","GPO CTS",0.4553,0.0000,0.0000,0.0000,0.4553
"1fdd2da5-cfc3-4bab-92f9-fb681bed40a8","","AZ-Replit - Growth Strategy & Operations - Member","Growth Strategy & Operations",0.4509,0.0000,0.0000,0.0000,0.4509
"b2d97442-bf40-46e7-883d-5c9f05aaf49e","","AZ-Replit - Growth Strategy & Operations - Member","Growth Strategy & Operations",0.4471,0.0000,0.0000,0.0000,0.4471
"783fecda-a228-46a1-8cc5-2f2aabebdc29","","AZ-Replit - Growth Strategy & Operations - Member","Growth Strategy & Operations",0.4309,0.0000,0.0000,0.0000,0.4309
"61349307-b182-41e8-aa07-099973e27ec2","","AZ-Replit - GPO Connected Living - Member","GPO Connected Living",0.4202,0.0000,0.0000,0.0000,0.4202
"a5bc177d-cd21-4397-9f00-5098cb4e075b","","AZ-Replit - Growth Strategy & Operations - Member","Growth Strategy & Operations",0.4197,0.0000,0.0000,0.0000,0.4197
"56ea0649-0139-4158-b15a-ceb6995adf8c","","AZ-Replit - Growth Strategy & Operations - Member","Growth Strategy & Operations",0.4161,0.0000,0.0000,0.0000,0.4161
"9e7da4c1-0864-41f1-a0bb-bde16ef85871","","AZ-Replit - Growth Strategy & Operations - Member","Growth Strategy & Operations",0.4119,0.0000,0.0000,0.0000,0.4119
"9c701f7f-dab7-4830-8e33-2464dadca76c","","AZ-Replit - Finance - Member","Finance",0.4046,0.0000,0.0000,0.0000,0.4046
"37cd66ed-a31d-49b1-b87a-ff345a00c11e","","AZ-Replit - Wireless - Member","Wireless",0.4006,0.0000,0.0000,0.0000,0.4006
"fdfb11d6-41c3-4007-84a7-7e7a73969218","","AZ-Replit - Finance - Member","Finance",0.3993,0.0000,0.0000,0.0000,0.3993
"728c87d7-8f70-4371-b99b-e4b65c237725","","AZ-Replit - GPO Creative Services - Member","GPO Creative Services",0.3945,0.0000,0.0000,0.0000,0.3945
"e46ddcff-cde9-4e4b-903a-3d5cf381394d","","AZ-Replit - Strategic Development Mosaic - Admin; AZ-Replit - Strategic Development Mosaic - Member","Strategic Development Mosaic",0.3883,0.0000,0.0000,0.0000,0.3883
"1c583103-aad8-4006-ba6f-aa429c446210","","AZ-Replit - Growth Strategy & Operations - Member","Growth Strategy & Operations",0.3840,0.0000,0.0000,0.0000,0.3840
"49cb8dc5-b3d5-42a4-8901-b9ce3bdfdf3f","","AZ-Replit - Finance - Member","Finance",0.3767,0.0000,0.0000,0.0000,0.3767
"80d62c9a-3b02-4d97-acf8-dadf981b8e88","","AZ-Replit - Talent and Learning - Member","Talent and Learning",0.3704,0.0000,0.0000,0.0000,0.3704
"fc9b8ecf-62fe-427e-bd55-1d7e61679795","","AZ-Replit - GPO CTS - Admin; AZ-Replit - GPO CTS - Member","GPO CTS",0.3611,0.0000,0.0000,0.0000,0.3611
"dd4e7fd7-0351-434f-bdf2-0b41e8db9993","","AZ-Replit - Growth CXSO Account Mgmt - Member","Growth CXSO Account Mgmt",0.3545,0.0000,0.0000,0.0000,0.3545
"d2802b05-8d99-4a09-9278-5a28509b237b","","AZ-Replit - Talent and Learning - Member","Talent and Learning",0.3155,0.0000,0.0000,0.0000,0.3155
"0d3f29f8-006d-4997-aa28-a50e79cfac5f","","AZ-Replit - Wireless - Member","Wireless",0.2991,0.0000,0.0000,0.0000,0.2991
"da2364b2-bd46-453e-9dac-95e9f0acb849","","AZ-Replit - GPO Creative Services - Member","GPO Creative Services",0.2740,0.0000,0.0000,0.0000,0.2740
"e8639b8b-0ddb-4e52-99b3-b251ad447c38","","AZ-Replit - Talent and Learning - Member","Talent and Learning",0.2739,0.0000,0.0000,0.0000,0.2739
"5ba7987c-fe24-44e4-90d7-5a36c05efa86","","AZ-Replit - Comcast Business Marketing - Admin; AZ-Replit - Comcast Business Marketing - Member","Comcast Business Marketing",0.2626,0.0000,0.0000,0.0000,0.2626
"73da9b56-8c5d-4c80-9697-6645146983e4","","AZ-Replit - Strategic Development Mosaic - Member","Strategic Development Mosaic",0.2501,0.0000,0.0000,0.0000,0.2501
"a568ef0d-7938-43bf-81d1-543ee0e4c858","","AZ-Replit - GPO CTS - Member","GPO CTS",0.2457,0.0000,0.0000,0.0000,0.2457
"ab20a4f9-e16c-4621-8f5e-33923bc7d33d","","AZ-Replit - GPO CTS - Admin; AZ-Replit - GPO CTS - Member","GPO CTS",0.2161,0.0000,0.0000,0.0000,0.2161
"52a1bf48-cd1c-4159-90b7-f31d3140096a","","AZ-Replit - Talent and Learning - Member","Talent and Learning",0.2143,0.0000,0.0000,0.0000,0.2143
"fce72114-7b1b-428e-9309-b970488376f5","","AZ-Replit - GPO CTS - Admin; AZ-Replit - GPO CTS - Member","GPO CTS",0.2090,0.0000,0.0000,0.0000,0.2090
"35d9fd27-d062-448a-a12c-a14a7118e073","","AZ-Replit - Wireless - Admin; AZ-Replit - Wireless - Member","Wireless",0.1939,0.0000,0.0000,0.0000,0.1939
"ab64bafa-b82d-4bd1-a192-46da7c005810","","AZ-Replit - Wireless - Member","Wireless",0.1921,0.0000,0.0000,0.0000,0.1921
"68713c63-9e1a-4250-bd57-6f6a444fa794","","AZ-Replit - GPO Creative Services - Member","GPO Creative Services",0.1826,0.0000,0.0000,0.0000,0.1826
"428b43c8-0d98-42c9-aa12-2956cbdaf780","","AZ-Replit - Corporate Communications - Admin","Corporate Communications",0.1716,0.0000,0.0000,0.0000,0.1716
"d3e7eb78-356f-4036-b49d-076ad0130c67","","AZ-Replit - Talent and Learning - Member","Talent and Learning",0.1698,0.0000,0.0000,0.0000,0.1698
"63dea413-8584-4526-96d1-b3df354cea4c","","AZ-Replit - Comcast Business Marketing - Member","Comcast Business Marketing",0.1510,0.0000,0.0000,0.0000,0.1510
"166332b6-7aee-488a-b8bd-54b848d2c1ff","","AZ-Replit - Strategic Development Mosaic - Admin; AZ-Replit - Strategic Development Mosaic - Member","Strategic Development Mosaic",0.1466,0.0000,0.0000,0.0000,0.1466
"1089f2c7-42c4-4ba4-9ad1-81489fc4cbc0","","AZ-Replit - Finance - Member","Finance",0.1452,0.0000,0.0000,0.0000,0.1452
"2381140d-6e95-466f-a47d-d91627992bed","","AZ-Replit - GPO CTS - Admin; AZ-Replit - GPO CTS - Member","GPO CTS",0.1447,0.0000,0.0000,0.0000,0.1447
"b6e70d12-a5d5-463d-80a5-f400eb8ad8d1","","AZ-Replit - EBI AI ML - Admin; AZ-Replit - EBI AI ML - Member","EBI AI ML",0.1432,0.0000,0.0000,0.0000,0.1432
"f14821ec-259f-4ee5-b178-06bee243d5b3","","AZ-Replit - Strategic Development Mosaic - Member","Strategic Development Mosaic",0.1372,0.0000,0.0000,0.0000,0.1372
"d357ccc1-1071-4e67-acff-b2631232bae9","","AZ-Replit - Growth Strategy & Operations - Member","Growth Strategy & Operations",0.1369,0.0000,0.0000,0.0000,0.1369
"884b2603-2667-48c8-bf93-d88ee1f2a81b","","AZ-Replit - Finance - Admin","Finance",0.1101,0.0000,0.0000,0.0000,0.1101
"208ba6c0-c84f-4061-8b59-6e35fc49063d","","AZ-Replit - Freewheel - Admin; AZ-Replit - Freewheel - Member","Freewheel",0.1098,0.0000,0.0000,0.0000,0.1098
"86144a3a-71e4-4e7c-8f19-81d40b9c9309","","AZ-Replit - EBI Enterprise Analytics - Admin; AZ-Replit - EBI Enterprise Analytics - Member","EBI Enterprise Analytics",0.1065,0.0000,0.0000,0.0000,0.1065
"026b3f9a-48d7-4a7b-857b-125ac9f5726c","","AZ-Replit - Growth CXSO Account Mgmt - Member","Growth CXSO Account Mgmt",0.1008,0.0000,0.0000,0.0000,0.1008
"0e23278d-147e-4fe6-bc0a-2d5d642e2e3e","","AZ-Replit - GPO CTS - Member","GPO CTS",0.0970,0.0000,0.0000,0.0000,0.0970
"d86cd20b-2a62-4d71-b232-21b8776ad1d6","","AZ-Replit - Corporate Communications - Admin","Corporate Communications",0.0965,0.0000,0.0000,0.0000,0.0965
"65fe4e12-11a0-43e5-b23f-285daa1e1b7d","","AZ-Replit - Comcast Business Marketing - Member","Comcast Business Marketing",0.0962,0.0000,0.0000,0.0000,0.0962
"87bd3bb1-c900-4c5e-924a-813155cd7b71","","AZ-Replit - Wireless - Member","Wireless",0.0959,0.0000,0.0000,0.0000,0.0959
"d117f2a2-56cf-4795-a067-7abb0c3b3890","","AZ-Replit - GPO CTS - Admin; AZ-Replit - GPO Connected Living - Admin; AZ-Replit - GPO Creative Services - Admin","GPO CTS; GPO Connected Living; GPO Creative Services",0.0947,0.0000,0.0000,0.0000,0.0947
"88518af4-9096-4073-8531-6cee2ceee2bb","","AZ-Replit - Talent and Learning - Member","Talent and Learning",0.0945,0.0000,0.0000,0.0000,0.0945
"a97cb700-1528-4446-84a5-91ad5cd28852","","AZ-Replit - GPO Creative Services - Member","GPO Creative Services",0.0903,0.0000,0.0000,0.0000,0.0903
"cc11dbf8-9802-430b-b866-5b608173aa52","","AZ-Replit - GPO Creative Services - Member","GPO Creative Services",0.0851,0.0000,0.0000,0.0000,0.0851
"184bb5fc-3c64-438e-8099-76be39a8f402","","AZ-Replit - EBI AI ML - Admin; AZ-Replit - EBI AI ML - Member","EBI AI ML",0.0801,0.0000,0.0000,0.0000,0.0801
"f59cc23a-007c-4a7b-bcaf-c1ecc276f73a","","AZ-Replit - Wireless - Admin; AZ-Replit - Wireless - Member","Wireless",0.0750,0.0000,0.0000,0.0000,0.0750
"561a0c66-d0c8-4066-9da2-226e91cd7118","","AZ-Replit - HR Compensation - Admin; AZ-Replit - HR Compensation - Member","HR Compensation",0.0652,0.0000,0.0000,0.0000,0.0652
"51adcb12-60f3-46e1-b363-8361b7f57a98","","AZ-Replit - GPO CTS - Member","GPO CTS",0.0072,0.0000,0.0000,0.0000,0.0072
"12cfb919-d2a2-4725-b613-62e70d719e8c","","AZ-Replit - Comcast Advertising - Member","Comcast Advertising",0.0017,0.0000,0.0000,0.0000,0.0017
"3fed7809-0f60-4fa2-9860-88491c845887","","AZ-Replit - GPO Creative Services - Admin; AZ-Replit - GPO Creative Services - Member","GPO Creative Services",0.0012,0.0000,0.0000,0.0000,0.0012